,tag,time,CONF,TEMP_BARO,PRESS_BARO,ALT_BARO,GPS_LAT,GPS_LONG,GPS_ALT,TAR_GPS_LAT,TAR_GPS_LONG,LOC_POS,AccX,AccY,AccZ,GyrX,GyrY,GyrZ,Heading,RecvOk,STATUS
111206,111206,07:45:55,['@ARMED'],,,,,,,,,,,,,,,,,,
111207,111207,07:45:55,[],27.3,101523.6,-0.1391,27.977125,-82.024019,-0.0,0.0,0.0,"-0.000,-0.000",0.08,0.01,0.99,2.3,-3.8,2.5,5.2,0.0,@ARMED
111208,111208,07:45:55,[],27.3,101528.7,-0.1674,27.977125,-82.024019,-0.0,0.0,0.0,"-0.000,-0.000",0.1,0.02,0.99,0.9,-2.0,2.6,5.0,100.0,@ARMED
111209,111209,07:45:55,[],27.3,101527.7,-0.1618,27.977125,-82.024019,-0.0,0.0,0.0,"-0.000,-0.000",0.11,0.02,1.0,0.6,-0.7,-8.0,5.1,100.0,@ARMED
111210,111210,07:45:56,[],27.3,101524.6,-0.1448,27.977125,-82.024019,-0.0,0.0,0.0,"-0.000,-0.000",0.09,0.02,1.01,0.2,-2.5,-4.5,5.0,100.0,@ARMED
111211,111211,07:45:56,[],27.3,101534.8,-0.2012,27.977125,-82.024019,-0.0,0.0,0.0,"-0.000,-0.000",0.08,0.03,0.99,1.2,-1.5,-1.7,5.3,100.0,@ARMED
111212,111212,07:45:56,[],27.3,101538.9,-0.2238,27.977125,-82.024019,-0.0,0.0,0.0,"-0.000,-0.000",0.09,0.03,0.98,0.7,-1.6,-2.2,5.0,100.0,@ARMED
111213,111213,07:45:56,[],27.3,101532.8,-0.19,27.977125,-82.024019,-0.0,0.0,0.0,"-0.000,-0.000",0.08,0.04,0.98,0.9,-2.8,5.4,5.1,100.0,@ARMED
111214,111214,07:45:56,[],27.3,101528.7,-0.1673,27.977125,-82.024019,-0.0,0.0,0.0,"-0.000,-0.000",0.07,0.03,0.98,-0.1,-2.5,-6.4,5.1,100.0,@ARMED
111215,111215,07:45:57,[],27.3,101514.4,-0.088,27.977125,-82.024019,-0.0,0.0,0.0,"-0.000,-0.000",0.08,0.04,0.99,0.3,-1.5,2.2,5.2,100.0,@ARMED
111216,111216,07:45:57,[],27.3,101532.8,-0.19,27.977125,-82.024019,-0.0,0.0,0.0,"-0.000,-0.000",0.07,0.02,0.99,1.0,-0.9,1.6,5.2,100.0,@ARMED
111217,111217,07:45:57,[],27.3,101524.6,-0.1448,27.977125,-82.024019,-0.0,0.0,0.0,"-0.000,-0.000",0.08,0.03,0.99,1.4,-1.1,1.0,5.1,100.0,@ARMED
111218,111218,07:45:57,[],27.3,101531.8,-0.1843,27.977125,-82.024019,-0.0,0.0,0.0,"-0.000,-0.000",0.08,0.03,0.99,-0.7,-2.1,-0.3,5.1,100.0,@ARMED
111219,111219,07:45:57,[],27.3,101518.5,-0.1106,27.977125,-82.024019,-0.0,0.0,0.0,"-0.000,-0.000",0.08,0.03,0.99,2.1,-0.4,-3.7,5.0,100.0,@ARMED
111220,111220,07:45:58,[],27.3,101528.7,-0.1671,27.977125,-82.024019,-0.0,0.0,0.0,"-0.000,-0.000",0.08,0.03,0.99,2.5,-2.6,-5.9,5.2,100.0,@ARMED
111221,111221,07:45:58,[],27.3,101524.6,-0.1445,27.977125,-82.024019,-0.0,0.0,0.0,"-0.000,-0.000",0.08,0.03,0.98,1.3,-1.8,3.0,5.2,100.0,@ARMED
111222,111222,07:45:58,[],27.3,101522.6,-0.1333,27.977125,-82.024019,-0.0,0.0,0.0,"-0.000,-0.000",0.08,0.03,0.99,1.8,-1.6,0.3,5.1,100.0,@ARMED
111223,111223,07:45:58,[],27.3,101532.8,-0.1899,27.977125,-82.024019,-0.0,0.0,0.0,"-0.000,-0.000",0.1,0.02,0.98,2.1,-0.5,-3.0,5.1,100.0,@ARMED
111224,111224,07:45:58,[],27.3,101526.7,-0.156,27.977125,-82.024019,-0.0,0.0,0.0,"-0.000,-0.000",0.07,0.03,1.02,1.8,-2.2,1.6,5.1,100.0,@ARMED
111225,111225,07:45:59,[],27.3,101543.0,-0.2464,27.977125,-82.024019,-0.0,0.0,0.0,"-0.000,-0.000",0.07,0.03,1.01,0.9,-1.6,-1.3,5.2,100.0,@ARMED
111226,111226,07:45:59,[],27.3,101529.7,-0.1731,27.977125,-82.024019,-0.0,0.0,0.0,"-0.000,-0.000",0.09,0.02,0.99,0.5,-3.2,2.5,5.2,100.0,@ARMED
111227,111227,07:45:59,[],27.3,101528.7,-0.1674,27.977125,-82.024019,-0.0,0.0,0.0,"-0.000,-0.000",0.07,0.02,1.0,0.1,-3.8,-6.2,5.1,100.0,@ARMED
111228,111228,07:45:59,[],27.3,101522.6,-0.1334,27.977125,-82.024019,-0.0,0.0,0.0,"-0.000,-0.000",0.08,0.02,1.02,2.6,-1.7,0.1,5.1,100.0,@ARMED
111229,111229,07:45:59,[],27.3,101534.8,-0.2012,27.977125,-82.024019,-0.0,0.0,0.0,"-0.000,-0.000",0.09,0.01,1.02,1.1,-0.8,3.8,5.2,100.0,@ARMED
111230,111230,07:46:00,[],27.4,101534.9,-0.2016,27.977125,-82.024019,-0.0,0.0,0.0,"-0.000,-0.000",0.09,0.02,1.0,2.1,-2.2,-1.7,5.2,100.0,@ARMED
111231,111231,07:46:00,[],27.4,101530.8,-0.1789,27.977125,-82.024019,-0.0,0.0,0.0,"-0.000,-0.000",0.09,0.02,0.99,0.8,-1.0,2.4,5.0,100.0,@ARMED
111232,111232,07:46:00,[],27.4,101535.9,-0.2074,27.977125,-82.024019,-0.0,0.0,0.0,"-0.000,-0.000",0.1,0.09,1.09,2.7,-0.0,-1.9,5.1,100.0,@ARMED
111233,111233,07:46:00,[],27.4,101534.9,-0.2016,27.977125,-82.024019,-0.0,0.0,0.0,"-0.000,-0.000",0.09,0.03,0.99,1.2,-2.7,1.5,5.1,100.0,@ARMED
111234,111234,07:46:00,[],27.4,101530.8,-0.1789,27.977125,-82.024019,-0.0,0.0,0.0,"-0.000,-0.000",0.08,0.02,0.98,1.6,-0.4,-2.6,5.2,100.0,@ARMED
111235,111235,07:46:01,[],27.4,101527.7,-0.162,27.977125,-82.024019,-0.0,0.0,0.0,"-0.000,-0.000",0.07,0.03,1.01,1.5,-0.9,-3.9,5.3,100.0,@ARMED
111236,111236,07:46:01,[],27.4,101522.6,-0.1337,27.977125,-82.024019,-0.0,0.0,0.0,"-0.000,-0.000",0.08,0.03,0.99,0.6,-1.4,1.5,5.0,100.0,@ARMED
111237,111237,07:46:01,[],27.3,101525.7,-0.1505,27.977125,-82.024019,-0.0,0.0,0.0,"-0.000,-0.000",0.08,0.02,0.99,1.8,-1.0,1.7,5.1,100.0,@ARMED
111238,111238,07:46:01,[],27.3,101515.5,-0.0941,27.977125,-82.024019,-0.0,0.0,0.0,"-0.000,-0.000",0.06,0.02,1.01,1.3,-0.7,1.9,5.1,100.0,@ARMED
111239,111239,07:46:01,[],27.3,101530.8,-0.1788,27.977125,-82.024019,-0.0,0.0,0.0,"-0.000,-0.000",0.07,0.02,0.99,-0.1,-1.8,-3.1,5.2,100.0,@ARMED
111240,111240,07:46:02,[],27.3,101532.8,-0.1899,27.977125,-82.024019,-0.0,0.0,0.0,"-0.000,-0.000",0.09,0.03,0.97,1.3,-1.3,-5.7,5.2,100.0,@ARMED
111241,111241,07:46:02,[],27.3,101532.8,-0.19,27.977125,-82.024019,-0.0,0.0,0.0,"-0.000,-0.000",0.08,0.0,0.99,2.1,-0.2,-3.3,5.1,100.0,@ARMED
111242,111242,07:46:02,[],27.3,101522.6,-0.1334,27.977125,-82.024019,-0.0,0.0,0.0,"-0.000,-0.000",0.07,0.02,1.0,1.0,-1.6,-0.5,5.1,100.0,@ARMED
111243,111243,07:46:02,[],27.3,101528.7,-0.1674,27.977125,-82.024019,-0.0,0.0,0.0,"-0.000,-0.000",0.07,0.02,1.01,1.2,-0.7,0.7,5.1,100.0,@ARMED
111244,111244,07:46:02,[],27.3,101539.9,-0.2295,27.977125,-82.024019,-0.0,0.0,0.0,"-0.000,-0.000",0.08,0.03,0.99,1.9,0.7,-0.0,5.2,100.0,@ARMED
111245,111245,07:46:03,[],27.3,101520.5,-0.1219,27.977125,-82.024019,-0.0,0.0,0.0,"-0.000,-0.000",0.09,0.03,0.98,0.1,-2.5,-0.2,5.0,100.0,@ARMED
111246,111246,07:46:03,[],27.3,101531.8,-0.1843,27.977125,-82.024019,-0.0,0.0,0.0,"-0.000,-0.000",0.07,0.03,0.99,0.0,-1.9,-2.9,5.1,100.0,@ARMED
111247,111247,07:46:03,[],27.3,101524.6,-0.1447,27.977125,-82.024019,-0.0,0.0,0.0,"-0.000,-0.000",0.08,-0.0,1.01,0.7,-2.1,1.2,5.1,100.0,@ARMED
111248,111248,07:46:03,[],27.3,101526.7,-0.156,27.977125,-82.024019,-0.0,0.0,0.0,"-0.000,-0.000",0.06,0.0,0.99,1.5,-1.6,-2.0,5.2,100.0,@ARMED
111249,111249,07:46:03,[],27.3,101528.7,-0.1673,27.977125,-82.024019,-0.0,0.0,0.0,"-0.000,-0.000",0.1,0.01,0.97,2.0,-3.7,-5.2,5.2,100.0,@ARMED
111250,111250,07:46:04,[],27.3,101522.5,-0.1332,27.977125,-82.024019,-0.0,0.0,0.0,"-0.000,-0.000",0.07,0.02,1.0,0.4,-3.6,-0.8,5.0,100.0,@ARMED
111251,111251,07:46:04,[],27.3,101516.4,-0.0993,27.977125,-82.024019,-0.0,0.0,0.0,"-0.000,-0.000",0.07,0.02,1.0,2.4,-3.4,-5.1,5.1,100.0,@ARMED
111252,111252,07:46:04,[],27.3,101519.5,-0.1163,27.977125,-82.024019,-0.0,0.0,0.0,"-0.000,-0.000",0.09,0.03,0.98,0.8,-1.2,0.1,5.0,100.0,@ARMED
111253,111253,07:46:04,[],27.3,101543.0,-0.2463,27.977125,-82.024019,-0.0,0.0,0.0,"-0.000,-0.000",0.1,0.01,0.98,1.5,-1.1,-3.1,5.2,100.0,@ARMED
111254,111254,07:46:05,[],27.3,101525.6,-0.1504,27.977125,-82.024019,-0.0,0.0,0.0,"-0.000,-0.000",0.08,0.02,1.0,0.6,-3.8,3.7,5.0,100.0,@ARMED
111255,111255,07:46:05,[],27.3,101527.6,-0.1613,27.977125,-82.024019,-0.0,0.0,0.0,"-0.000,-0.000",0.08,0.02,0.99,-0.2,-1.1,-3.6,5.1,100.0,@ARMED
111256,111256,07:46:05,[],27.3,101525.6,-0.1502,27.977125,-82.024019,-0.0,0.0,0.0,"-0.000,-0.000",0.07,0.03,0.93,0.9,-2.3,-2.6,5.1,100.0,@ARMED
111257,111257,07:46:05,[],27.3,101522.5,-0.1332,27.977125,-82.024019,-0.0,0.0,0.0,"-0.000,-0.000",0.09,0.01,0.98,-0.5,-2.4,-2.6,5.1,100.0,@ARMED
111258,111258,07:46:05,[],27.3,101536.9,-0.2125,27.977125,-82.024019,-0.0,0.0,0.0,"-0.000,-0.000",0.07,0.02,1.0,2.1,-3.0,-1.7,5.1,100.0,@ARMED
111259,111259,07:46:06,[],27.3,101529.7,-0.1729,27.977125,-82.024019,-0.0,0.0,0.0,"-0.000,-0.000",0.07,0.02,1.0,3.1,-0.7,-2.0,5.0,100.0,@ARMED
111260,111260,07:46:06,[],27.3,101532.8,-0.19,27.977125,-82.024019,-0.0,0.0,0.0,"-0.000,-0.000",0.08,0.02,0.99,1.3,1.1,3.8,5.1,100.0,@ARMED
111261,111261,07:46:06,[],27.3,101525.6,-0.1502,27.977125,-82.024019,-0.0,0.0,0.0,"-0.000,-0.000",0.07,0.03,0.99,-0.1,-1.1,-4.0,5.0,100.0,@ARMED
111262,111262,07:46:06,[],27.3,101536.8,-0.2122,27.977125,-82.024019,-0.0,0.0,0.0,"-0.000,-0.000",0.07,0.02,0.99,2.6,1.6,-1.6,5.2,100.0,@ARMED
111263,111263,07:46:06,[],27.3,101527.6,-0.1612,27.977125,-82.024019,-0.0,0.0,0.0,"-0.000,-0.000",0.08,0.02,0.99,3.3,-0.1,-2.5,5.2,100.0,@ARMED
111264,111264,07:46:07,[],27.3,101530.7,-0.1782,27.977125,-82.024019,-0.0,0.0,0.0,"-0.000,-0.000",0.06,0.01,1.0,1.1,-1.6,-0.0,5.0,100.0,@ARMED
111265,111265,07:46:07,[],27.2,101535.7,-0.2062,27.977125,-82.024019,-0.0,0.0,0.0,"-0.000,-0.000",0.07,0.01,0.99,-0.4,0.5,2.8,5.1,100.0,@ARMED
111266,111266,07:46:07,[],27.2,101519.4,-0.1159,27.977125,-82.024019,-0.0,0.0,0.0,"-0.000,-0.000",0.08,0.02,0.99,1.2,-2.1,1.0,5.1,100.0,@ARMED
111267,111267,07:46:07,[],27.3,101531.7,-0.1838,27.977125,-82.024019,-0.0,0.0,0.0,"-0.000,-0.000",0.08,0.02,0.99,1.1,-1.4,-3.1,5.2,100.0,@ARMED
111268,111268,07:46:07,[],27.3,101526.6,-0.1555,27.977125,-82.024019,-0.0,0.0,0.0,"-0.000,-0.000",0.08,0.02,0.99,1.2,-0.2,-1.4,5.1,100.0,@ARMED
111269,111269,07:46:08,[],27.3,101531.7,-0.1839,27.977125,-82.024019,-0.0,0.0,0.0,"-0.000,-0.000",0.07,0.03,0.99,1.7,-1.7,-2.6,5.0,100.0,@ARMED
111270,111270,07:46:08,[],27.3,101534.8,-0.2008,27.977125,-82.024019,-0.0,0.0,0.0,"-0.000,-0.000",0.08,0.02,1.0,0.1,-0.8,-4.4,5.0,100.0,@ARMED
111271,111271,07:46:08,[],27.2,101536.8,-0.2119,27.977125,-82.024019,-0.0,0.0,0.0,"-0.000,-0.000",0.08,0.03,1.0,-0.9,-1.2,-3.0,5.0,100.0,@ARMED
111272,111272,07:46:08,[],27.3,101528.6,-0.1669,27.977125,-82.024019,-0.0,0.0,0.0,"-0.000,-0.000",0.08,0.03,1.01,0.2,-2.9,-0.5,5.1,100.0,@ARMED
111273,111273,07:46:08,[],27.3,101537.8,-0.2179,27.977125,-82.024019,-0.0,0.0,0.0,"-0.000,-0.000",0.07,0.02,0.98,0.7,0.4,-0.8,5.1,100.0,@ARMED
111274,111274,07:46:09,[],27.3,101526.6,-0.1556,27.977125,-82.024019,-0.0,0.0,0.0,"-0.000,-0.000",0.08,0.01,0.99,1.9,-2.3,-2.9,5.1,100.0,@ARMED
111275,111275,07:46:09,[],27.3,101521.5,-0.1274,27.977125,-82.024019,-0.0,0.0,0.0,"-0.000,-0.000",0.14,0.03,0.99,2.2,0.2,-0.4,5.1,100.0,@ARMED
111276,111276,07:46:09,[],27.3,101527.7,-0.1616,27.977125,-82.024019,-0.0,0.0,0.0,"-0.000,-0.000",0.01,-0.02,0.98,0.6,-1.4,-1.2,5.0,100.0,@ARMED
111277,111277,07:46:09,[],27.3,101530.7,-0.1784,27.977125,-82.024019,-0.0,0.0,0.0,"-0.000,-0.000",0.1,0.01,1.0,0.6,-3.2,-6.7,5.2,100.0,@ARMED
111278,111278,07:46:09,[],27.3,101529.7,-0.1727,27.977125,-82.024019,-0.0,0.0,0.0,"-0.000,-0.000",0.08,0.02,0.99,1.8,0.2,-2.7,5.1,100.0,@ARMED
111279,111279,07:46:10,[],27.3,101530.7,-0.1784,27.977125,-82.024019,-0.0,0.0,0.0,"-0.000,-0.000",0.08,0.01,0.99,1.5,-0.4,1.9,5.1,100.0,@ARMED
111280,111280,07:46:10,[],27.3,101533.8,-0.1953,27.977125,-82.024019,-0.0,0.0,0.0,"-0.000,-0.000",0.08,0.02,0.99,1.7,-1.2,-2.9,5.1,100.0,@ARMED
111281,111281,07:46:10,[],27.2,101537.8,-0.2176,27.977125,-82.024019,-0.0,0.0,0.0,"-0.000,-0.000",0.08,0.02,0.98,1.3,-0.6,2.3,5.1,100.0,@ARMED
111282,111282,07:46:10,[],27.2,101532.7,-0.1893,27.977125,-82.024019,-0.0,0.0,0.0,"-0.000,-0.000",0.08,0.03,0.99,1.7,-0.7,-12.8,5.2,100.0,@ARMED
111283,111283,07:46:10,[],27.2,101525.5,-0.1497,27.977125,-82.024019,-0.0,0.0,0.0,"-0.000,-0.000",0.08,0.02,0.99,2.0,-3.0,-3.1,5.0,100.0,@ARMED
111284,111284,07:46:11,[],27.2,101532.7,-0.1892,27.977125,-82.024019,-0.0,0.0,0.0,"-0.000,-0.000",0.08,0.03,0.99,1.2,-2.0,0.0,5.0,100.0,@ARMED
111285,111285,07:46:11,[],27.2,101510.2,-0.0647,27.977125,-82.024019,-0.0,0.0,0.0,"-0.000,-0.000",0.08,0.03,0.98,1.2,-1.2,-2.4,5.1,100.0,@ARMED
111286,111286,07:46:11,[],27.2,101525.5,-0.1494,27.977125,-82.024019,-0.0,0.0,0.0,"-0.000,-0.000",0.09,0.02,0.99,2.2,0.5,3.3,5.1,100.0,@ARMED
111287,111287,07:46:11,[],27.2,101519.3,-0.1154,27.977125,-82.024019,-0.0,0.0,0.0,"-0.000,-0.000",0.08,0.02,0.99,0.8,-1.8,1.2,5.2,100.0,@ARMED
111288,111288,07:46:11,[],27.2,101521.4,-0.1267,27.977125,-82.024019,-0.0,0.0,0.0,"-0.000,-0.000",0.08,0.03,0.98,1.3,-2.3,-5.2,5.1,100.0,@ARMED
111289,111289,07:46:12,[],27.2,101503.0,-0.0249,27.977125,-82.024019,-0.0,0.0,0.0,"-0.000,-0.000",0.06,0.02,1.01,2.0,-6.8,-7.0,5.1,100.0,@ARMED
111290,111290,07:46:12,[],27.2,101528.5,-0.1661,27.977125,-82.024019,-0.0,0.0,0.0,"-0.000,-0.000",0.07,0.04,0.99,-0.2,-1.4,1.7,5.1,100.0,@ARMED
111291,111291,07:46:12,[],27.2,101530.5,-0.1775,27.977125,-82.024019,-0.0,0.0,0.0,"-0.000,-0.000",0.08,-0.01,0.94,1.1,-2.5,1.4,5.1,100.0,@ARMED
111292,111292,07:46:12,[],27.2,101534.6,-0.2001,27.977125,-82.024019,-0.0,0.0,0.0,"-0.000,-0.000",0.07,0.03,0.97,1.4,-3.0,0.6,5.1,100.0,@ARMED
111293,111293,07:46:12,[],27.2,101532.6,-0.1889,27.977125,-82.024019,-0.0,0.0,0.0,"-0.000,-0.000",0.09,0.03,0.98,2.1,-1.4,10.0,5.0,100.0,@ARMED
111294,111294,07:46:13,[],27.2,101520.3,-0.121,27.977125,-82.024019,-0.0,0.0,0.0,"-0.000,-0.000",0.08,0.03,0.98,2.1,-4.5,-9.6,5.1,100.0,@ARMED
111295,111295,07:46:13,[],27.2,101520.3,-0.1208,27.977125,-82.024019,-0.0,0.0,0.0,"-0.000,-0.000",0.07,0.03,0.99,3.0,-1.8,-8.2,5.1,100.0,@ARMED
111296,111296,07:46:13,[],27.1,101531.5,-0.1829,27.977125,-82.024019,-0.0,0.0,0.0,"-0.000,-0.000",0.08,0.02,1.0,1.0,-2.4,-2.9,5.2,100.0,@ARMED
111297,111297,07:46:13,[],27.2,101522.4,-0.1322,27.977125,-82.024019,-0.0,0.0,0.0,"-0.000,-0.000",0.07,0.02,0.99,-1.4,-8.6,10.8,5.1,100.0,@ARMED
111298,111298,07:46:13,[],27.2,101524.4,-0.1437,27.977125,-82.024019,-0.0,0.0,0.0,"-0.000,-0.000",0.08,0.02,1.0,2.5,-0.8,-6.2,5.1,100.0,@ARMED
111299,111299,07:46:14,[],27.2,101522.4,-0.1323,27.977125,-82.024019,-0.0,0.0,0.0,"-0.000,-0.000",0.08,0.02,0.99,1.0,-1.4,-0.1,4.9,100.0,@ARMED
111300,111300,07:46:14,[],27.2,101537.7,-0.2173,27.977125,-82.024019,-0.0,0.0,0.0,"-0.000,-0.000",0.09,0.03,1.0,1.0,-2.7,2.4,5.1,100.0,@ARMED
111301,111301,07:46:14,[],27.2,101527.5,-0.1608,27.977125,-82.024019,-0.0,0.0,0.0,"-0.000,-0.000",0.08,0.04,0.98,1.3,-2.6,2.6,5.2,100.0,@ARMED
111302,111302,07:46:14,[],27.2,101532.6,-0.189,27.977125,-82.024019,-0.0,0.0,0.0,"-0.000,-0.000",0.08,0.03,0.97,0.5,-2.7,8.0,4.9,100.0,@ARMED
111303,111303,07:46:15,[],27.2,101526.4,-0.1548,27.977125,-82.024019,-0.0,0.0,0.0,"-0.000,-0.000",0.1,0.04,0.97,1.0,-5.0,-13.0,5.1,100.0,@ARMED
111304,111304,07:46:15,[],27.2,101533.6,-0.1943,27.977125,-82.024019,-0.0,0.0,0.0,"-0.000,-0.000",0.08,0.03,0.98,2.5,-2.8,-4.4,5.1,100.0,@ARMED
111305,111305,07:46:15,[],27.1,101520.3,-0.1207,27.977125,-82.024019,-0.0,0.0,0.0,"-0.000,-0.000",0.08,0.04,0.98,1.7,-4.2,5.0,5.1,100.0,@ARMED
111306,111306,07:46:15,[],27.1,101533.5,-0.194,27.977125,-82.024019,-0.0,0.0,0.0,"-0.000,-0.000",0.09,0.04,0.99,0.6,-0.4,-0.7,5.1,100.0,@ARMED
111307,111307,07:46:15,[],27.1,101528.4,-0.1657,27.977125,-82.024019,-0.0,0.0,0.0,"-0.000,-0.000",0.09,0.06,1.02,0.8,-4.3,-7.0,5.0,100.0,@ARMED
111308,111308,07:46:16,[],27.1,101528.4,-0.1658,27.977125,-82.024019,-0.0,0.0,0.0,"-0.000,-0.000",0.08,0.03,0.99,1.9,-3.0,-15.0,5.1,100.0,@ARMED
111309,111309,07:46:16,[],27.1,101531.5,-0.1829,27.977125,-82.024019,-0.0,0.0,0.0,"-0.000,-0.000",0.08,0.02,0.99,1.8,0.1,-9.5,5.2,100.0,@ARMED
111310,111310,07:46:16,[],27.1,101522.3,-0.132,27.977125,-82.024019,-0.0,0.0,0.0,"-0.000,-0.000",0.08,0.03,0.99,1.2,-4.3,-2.9,5.3,100.0,@ARMED
111311,111311,07:46:16,[],27.2,101528.5,-0.166,27.977125,-82.024019,-0.0,0.0,0.0,"-0.000,-0.000",0.09,0.04,1.0,0.6,0.6,6.9,5.1,100.0,@ARMED
111312,111312,07:46:16,[],27.2,101520.3,-0.1208,27.977125,-82.024019,-0.0,0.0,0.0,"-0.000,-0.000",0.1,0.03,1.01,1.7,-2.5,-3.9,5.0,100.0,@ARMED
111313,111313,07:46:17,[],27.2,101535.6,-0.2056,27.977125,-82.024019,-0.0,0.0,0.0,"-0.000,-0.000",0.07,0.02,0.99,1.1,-1.4,3.4,5.1,100.0,@ARMED
111314,111314,07:46:17,[],27.2,101523.4,-0.138,27.977125,-82.024019,-0.0,0.0,0.0,"-0.000,-0.000",0.07,0.02,1.0,2.4,1.5,0.4,5.0,100.0,@ARMED
111315,111315,07:46:17,[],27.2,101530.5,-0.1775,27.977125,-82.024019,-0.0,0.0,0.0,"-0.000,-0.000",0.08,0.03,1.0,1.3,1.4,2.1,5.1,100.0,@ARMED
111316,111316,07:46:17,[],27.2,101533.6,-0.1944,27.977125,-82.024019,-0.0,0.0,0.0,"-0.000,-0.000",0.08,0.03,0.99,-0.4,-1.7,-1.2,5.1,100.0,@ARMED
111317,111317,07:46:17,[],27.2,101526.5,-0.1551,27.977125,-82.024019,-0.0,0.0,0.0,"-0.000,-0.000",0.08,0.03,0.99,2.3,-3.3,-7.0,5.1,100.0,@ARMED
111318,111318,07:46:18,[],27.2,101521.3,-0.1265,27.977125,-82.024019,-0.0,0.0,0.0,"-0.000,-0.000",0.09,0.04,1.02,1.7,-0.7,2.2,5.2,100.0,@ARMED
111319,111319,07:46:18,[],27.1,101523.4,-0.1377,27.977125,-82.024019,-0.0,0.0,0.0,"-0.000,-0.000",0.08,0.02,1.02,1.7,-0.8,-6.1,5.1,100.0,@ARMED
111320,111320,07:46:18,[],27.2,101516.2,-0.0982,27.977125,-82.024019,-0.0,0.0,0.0,"-0.000,-0.000",0.07,0.03,0.99,-0.1,-1.6,-3.3,5.2,100.0,@ARMED
111321,111321,07:46:18,[],27.1,101517.2,-0.1038,27.977125,-82.024019,-0.0,0.0,0.0,"-0.000,-0.000",0.08,0.02,1.01,0.0,-0.4,4.9,5.1,100.0,@ARMED
111322,111322,07:46:18,[],27.2,101520.3,-0.1208,27.977125,-82.024019,-0.0,0.0,0.0,"-0.000,-0.000",0.08,0.04,1.01,1.9,-4.0,-6.0,5.1,100.0,@ARMED
111323,111323,07:46:19,[],27.2,101529.5,-0.1717,27.977125,-82.024019,-0.0,0.0,0.0,"-0.000,-0.000",0.09,-0.01,1.0,4.3,-2.8,-0.9,5.1,100.0,@ARMED
111324,111324,07:46:19,[],27.1,101542.7,-0.2448,27.977125,-82.024019,-0.0,0.0,0.0,"-0.000,-0.000",0.07,0.03,1.01,0.2,0.1,3.4,5.3,100.0,@ARMED
111325,111325,07:46:19,[],27.1,101524.3,-0.143,27.977125,-82.024019,-0.0,0.0,0.0,"-0.000,-0.000",0.08,0.01,1.0,0.8,-1.7,-4.7,5.3,100.0,@ARMED
111326,111326,07:46:19,[],27.1,101518.2,-0.109,27.977125,-82.024019,-0.0,0.0,0.0,"-0.000,-0.000",0.08,0.02,0.99,0.7,-2.0,-9.5,5.1,100.0,@ARMED
111327,111327,07:46:19,[],27.1,101526.3,-0.1542,27.977125,-82.024019,-0.0,0.0,0.0,"-0.000,-0.000",0.08,0.02,0.99,1.9,-3.7,-3.7,5.2,100.0,@ARMED
111328,111328,07:46:20,[],27.1,101528.3,-0.1652,27.977125,-82.024019,-0.0,0.0,0.0,"-0.000,-0.000",0.1,0.02,0.98,-0.1,-3.4,0.3,5.2,100.0,@ARMED
111329,111329,07:46:20,[],27.1,101525.3,-0.1485,27.977125,-82.024019,-0.0,0.0,0.0,"-0.000,-0.000",0.1,0.03,1.0,1.5,2.0,-3.7,5.2,100.0,@ARMED
111330,111330,07:46:20,[],27.1,101535.5,-0.205,27.977125,-82.024019,-0.0,0.0,0.0,"-0.000,-0.000",0.08,0.03,0.99,1.4,-4.0,5.3,5.1,100.0,@ARMED
111331,111331,07:46:20,[],27.1,101534.5,-0.1992,27.977125,-82.024019,-0.0,0.0,0.0,"-0.000,-0.000",0.09,0.01,1.01,1.5,1.2,-0.8,5.0,100.0,@ARMED
111332,111332,07:46:20,[],27.1,101530.4,-0.1764,27.977125,-82.024019,-0.0,0.0,0.0,"-0.000,-0.000",0.07,0.02,0.97,2.3,-5.7,-5.0,5.0,100.0,@ARMED
111333,111333,07:46:21,[],27.1,101525.3,-0.1483,27.977125,-82.024019,-0.0,0.0,0.0,"-0.000,-0.000",0.1,0.05,1.01,0.6,-1.8,-9.1,5.1,100.0,@ARMED
111334,111334,07:46:21,[],27.1,101528.4,-0.1655,27.977125,-82.024019,-0.0,0.0,0.0,"-0.000,-0.000",0.07,0.01,0.98,0.5,-0.3,8.3,5.2,100.0,@ARMED
111335,111335,07:46:21,[],27.1,101532.5,-0.1883,27.977125,-82.024019,-0.0,0.0,0.0,"-0.000,-0.000",0.04,0.01,1.03,0.9,-3.0,3.4,5.0,100.0,@ARMED
111336,111336,07:46:21,[],27.1,101535.5,-0.205,27.977125,-82.024019,-0.0,0.0,0.0,"-0.000,-0.000",0.07,0.01,1.01,0.6,-2.5,-2.9,5.1,100.0,@ARMED
111337,111337,07:46:21,[],27.1,101530.4,-0.1766,27.977125,-82.024019,-0.0,0.0,0.0,"-0.000,-0.000",0.08,0.01,0.99,0.6,-2.8,-5.4,5.1,100.0,@ARMED
111338,111338,07:46:22,[],27.1,101533.4,-0.1935,27.977125,-82.024019,-0.0,0.0,0.0,"-0.000,-0.000",0.09,0.03,0.99,-0.4,-4.3,6.5,5.3,100.0,@ARMED
111339,111339,07:46:22,[],27.1,101528.3,-0.1652,27.977125,-82.024019,-0.0,0.0,0.0,"-0.000,-0.000",0.08,0.03,0.99,0.4,-0.8,4.3,5.2,100.0,@ARMED
111340,111340,07:46:22,[],27.1,101528.3,-0.1652,27.977125,-82.024019,-0.0,0.0,0.0,"-0.000,-0.000",0.09,0.02,0.99,2.6,-0.4,-2.5,5.1,100.0,@ARMED
111341,111341,07:46:22,[],27.1,101533.4,-0.1933,27.977125,-82.024019,-0.0,0.0,0.0,"-0.000,-0.000",0.09,0.03,0.98,1.5,-1.8,-17.5,5.2,100.0,@ARMED
111342,111342,07:46:22,[],27.1,101531.4,-0.1824,27.977125,-82.024019,-0.0,0.0,0.0,"-0.000,-0.000",0.09,0.03,0.99,1.6,-1.3,-6.9,5.1,100.0,@ARMED
111343,111343,07:46:23,[],27.1,101532.5,-0.1883,27.977125,-82.024019,-0.0,0.0,0.0,"-0.000,-0.000",0.1,0.13,1.02,2.9,1.3,-8.3,5.2,100.0,@ARMED
111344,111344,07:46:23,[],27.1,101529.4,-0.1714,27.977125,-82.024019,-0.0,0.0,0.0,"-0.000,-0.000",0.09,0.03,1.0,-0.3,-2.1,-3.1,5.3,100.0,@ARMED
111345,111345,07:46:23,[],27.1,101536.6,-0.211,27.977125,-82.024019,-0.0,0.0,0.0,"-0.000,-0.000",0.13,0.02,1.01,2.7,-2.9,-0.0,5.1,100.0,@ARMED
111346,111346,07:46:23,[],27.2,101517.3,-0.1039,27.977125,-82.024019,-0.0,0.0,0.0,"-0.000,-0.000",0.09,0.0,1.01,0.8,-3.2,0.1,5.1,100.0,@ARMED
111347,111347,07:46:23,[],27.1,101530.5,-0.1771,27.977125,-82.024019,-0.0,0.0,0.0,"-0.000,-0.000",0.13,0.09,1.07,1.7,-1.4,-3.3,5.1,100.0,@ARMED
111348,111348,07:46:24,[],27.1,101534.5,-0.1993,27.977125,-82.024019,-0.0,0.0,0.0,"-0.000,-0.000",0.11,0.03,0.84,-1.1,0.2,2.1,5.1,100.0,@ARMED
111349,111349,07:46:24,[],27.1,101528.3,-0.1652,27.977125,-82.024019,-0.0,0.0,0.0,"-0.000,-0.000",0.09,0.03,1.0,0.6,-1.8,-0.9,5.0,100.0,@ARMED
111350,111350,07:46:24,[],27.1,101531.5,-0.1826,27.977125,-82.024019,-0.0,0.0,0.0,"-0.000,-0.000",0.08,0.02,0.99,0.9,-1.0,-1.6,5.0,100.0,@ARMED
111351,111351,07:46:24,[],27.1,101522.3,-0.1317,27.977125,-82.024019,-0.0,0.0,0.0,"-0.000,-0.000",0.08,-0.01,1.0,0.6,-0.5,-5.1,5.1,100.0,@ARMED
111352,111352,07:46:25,[],27.1,101528.4,-0.1655,27.977125,-82.024019,-0.0,0.0,0.0,"-0.000,-0.000",0.07,0.01,0.99,2.8,-1.2,1.5,5.0,100.0,@ARMED
111353,111353,07:46:25,[],27.1,101528.4,-0.1655,27.977125,-82.024019,-0.0,0.0,0.0,"-0.000,-0.000",0.08,0.03,1.0,-0.5,-1.2,2.7,5.1,100.0,@ARMED
111354,111354,07:46:25,[],27.1,101525.3,-0.1483,27.977125,-82.024019,-0.0,0.0,0.0,"-0.000,-0.000",0.09,0.03,1.0,0.3,2.2,-0.3,5.0,100.0,@ARMED
111355,111355,07:46:25,[],27.1,101532.4,-0.1878,27.977125,-82.024019,-0.0,0.0,0.0,"-0.000,-0.000",0.08,0.02,0.99,-0.1,0.2,2.0,5.1,100.0,@ARMED
111356,111356,07:46:25,[],27.0,101524.2,-0.1422,27.977125,-82.024019,-0.0,0.0,0.0,"-0.000,-0.000",0.09,0.02,0.99,0.9,-1.6,4.6,5.1,100.0,@ARMED
111357,111357,07:46:26,[],27.0,101528.2,-0.1644,27.977125,-82.024019,-0.0,0.0,0.0,"-0.000,-0.000",0.08,0.02,0.98,1.6,0.7,-3.1,5.2,100.0,@ARMED
111358,111358,07:46:26,[],27.0,101519.0,-0.1134,27.977125,-82.024019,-0.0,0.0,0.0,"-0.000,-0.000",0.08,0.03,0.98,0.3,-2.2,-1.0,5.2,100.0,@ARMED
111359,111359,07:46:26,[],26.9,101525.0,-0.1468,27.977125,-82.024019,-0.0,0.0,0.0,"-0.000,-0.000",0.09,0.03,0.98,0.8,-1.1,-2.0,5.1,100.0,@ARMED
111360,111360,07:46:26,[],26.9,101537.3,-0.2147,27.977125,-82.024019,-0.0,0.0,0.0,"-0.000,-0.000",0.09,0.02,0.97,0.1,-1.8,-0.5,5.2,100.0,@ARMED
111361,111361,07:46:26,[],26.9,101526.0,-0.1522,27.977125,-82.024019,-0.0,0.0,0.0,"-0.000,-0.000",0.08,0.02,0.97,1.4,-1.8,-3.4,5.1,100.0,@ARMED
111362,111362,07:46:27,[],26.9,101532.1,-0.1859,27.977125,-82.024019,-0.0,0.0,0.0,"-0.000,-0.000",0.08,0.02,0.97,0.6,-1.5,-1.6,5.3,100.0,@ARMED
111363,111363,07:46:27,[],26.8,101526.9,-0.1575,27.977125,-82.024019,-0.0,0.0,0.0,"-0.000,-0.000",0.08,0.03,0.98,3.0,-2.8,1.5,5.3,100.0,@ARMED
111364,111364,07:46:27,[],26.8,101537.1,-0.2138,27.977125,-82.024019,-0.0,0.0,0.0,"-0.000,-0.000",0.09,0.04,0.98,2.0,-0.9,0.4,5.2,100.0,@ARMED
111365,111365,07:46:27,[],26.8,101515.6,-0.0949,27.977125,-82.024019,-0.0,0.0,0.0,"-0.000,-0.000",0.11,0.02,1.0,1.7,2.8,-2.1,5.1,100.0,@ARMED
111366,111366,07:46:27,[],26.8,101534.1,-0.197,27.977125,-82.024019,-0.0,0.0,0.0,"-0.000,-0.000",0.09,0.03,0.99,0.3,-4.2,12.7,5.2,100.0,@ARMED
111367,111367,07:46:28,[],26.8,101519.7,-0.1177,27.977125,-82.024019,-0.0,0.0,0.0,"-0.000,-0.000",0.08,0.01,1.01,1.7,-0.4,-2.3,5.2,100.0,@ARMED
111368,111368,07:46:28,[],26.9,101532.1,-0.1859,27.977125,-82.024019,-0.0,0.0,0.0,"-0.000,-0.000",0.08,0.01,0.99,2.3,-0.9,-12.5,5.2,100.0,@ARMED
111369,111369,07:46:28,[],26.9,101525.9,-0.152,27.977125,-82.024019,-0.0,0.0,0.0,"-0.000,-0.000",0.07,-0.01,0.96,2.6,-6.4,-4.3,5.2,100.0,@ARMED
111370,111370,07:46:28,[],26.8,101535.1,-0.2026,27.977125,-82.024019,-0.0,0.0,0.0,"-0.000,-0.000",0.08,0.03,0.97,0.9,0.6,1.3,5.1,100.0,@ARMED
111371,111371,07:46:28,[],26.9,101538.2,-0.2197,27.977125,-82.024019,-0.0,0.0,0.0,"-0.000,-0.000",0.1,0.03,0.96,0.7,-3.1,-0.0,5.1,100.0,@ARMED
111372,111372,07:46:29,[],26.8,101517.8,-0.1067,27.977125,-82.024019,-0.0,0.0,0.0,"-0.000,-0.000",0.08,0.05,0.98,0.7,-1.7,2.6,5.2,100.0,@ARMED
111373,111373,07:46:29,[],26.8,101525.9,-0.1516,27.977125,-82.024019,-0.0,0.0,0.0,"-0.000,-0.000",0.08,0.01,0.97,1.0,-1.8,3.9,5.2,100.0,@ARMED
111374,111374,07:46:29,[],26.8,101517.7,-0.1061,27.977125,-82.024019,-0.0,0.0,0.0,"-0.000,-0.000",0.08,0.02,0.97,0.7,-2.2,-2.4,5.1,100.0,@ARMED
111375,111375,07:46:29,[],26.7,101519.6,-0.1169,27.977125,-82.024019,-0.0,0.0,0.0,"-0.000,-0.000",0.08,0.02,0.99,1.2,-0.1,3.1,5.1,100.0,@ARMED
111376,111376,07:46:29,[],26.8,101544.1,-0.2527,27.977125,-82.024019,-0.0,0.0,0.0,"-0.000,-0.000",0.09,0.03,1.02,1.6,-1.8,6.0,5.0,100.0,@ARMED
111377,111377,07:46:30,[],26.7,101521.6,-0.1279,27.977125,-82.024019,-0.0,0.0,0.0,"-0.000,-0.000",0.08,0.01,0.96,0.8,-1.7,13.8,5.2,100.0,@ARMED
111378,111378,07:46:30,[],26.7,101521.6,-0.1279,27.977125,-82.024019,-0.0,0.0,0.0,"-0.000,-0.000",0.04,0.04,1.01,1.7,-2.9,1.2,5.2,100.0,@ARMED
111379,111379,07:46:30,[],26.7,101529.7,-0.1731,27.977125,-82.024019,-0.0,0.0,0.0,"-0.000,-0.000",0.06,0.02,0.99,2.3,-1.6,-6.0,5.1,100.0,@ARMED
111380,111380,07:46:30,[],26.7,101531.8,-0.1844,27.977125,-82.024019,-0.0,0.0,0.0,"-0.000,-0.000",0.07,0.03,0.97,0.9,0.2,-0.4,5.1,100.0,@ARMED
111381,111381,07:46:30,[],26.7,101530.8,-0.1789,27.977125,-82.024019,-0.0,0.0,0.0,"-0.000,-0.000",0.07,0.03,0.94,1.2,-2.3,-4.7,5.2,100.0,@ARMED
111382,111382,07:46:31,[],26.7,101513.4,-0.0828,27.977125,-82.024019,-0.0,0.0,0.0,"-0.000,-0.000",0.09,0.04,0.97,2.2,-2.0,-2.8,5.3,100.0,@ARMED
111383,111383,07:46:31,[],26.7,101526.6,-0.1558,27.977125,-82.024019,-0.0,0.0,0.0,"-0.000,-0.000",0.08,0.03,0.96,0.8,-4.9,-0.6,5.0,100.0,@ARMED
111384,111384,07:46:31,[],26.7,101530.7,-0.1786,27.977125,-82.024019,-0.0,0.0,0.0,"-0.000,-0.000",0.04,0.04,0.95,-0.3,-2.5,3.0,5.1,100.0,@ARMED
111385,111385,07:46:31,[],26.7,101532.8,-0.1897,27.977125,-82.024019,-0.0,0.0,0.0,"-0.000,-0.000",0.1,0.02,1.04,-0.5,1.9,-2.1,5.1,100.0,@ARMED
111386,111386,07:46:31,[],26.7,101526.7,-0.156,27.977125,-82.024019,-0.0,0.0,0.0,"-0.000,-0.000",0.12,0.01,1.02,-0.4,-1.1,-0.5,5.1,100.0,@ARMED
111387,111387,07:46:32,[],26.7,101537.8,-0.2178,27.977125,-82.024019,-0.0,0.0,0.0,"-0.000,-0.000",0.04,0.04,0.98,2.0,-3.1,7.8,5.2,100.0,@ARMED
111388,111388,07:46:32,[],26.7,101540.9,-0.2349,27.977125,-82.024019,-0.0,0.0,0.0,"-0.000,-0.000",0.15,0.02,1.01,0.3,-5.7,0.9,5.1,100.0,@ARMED
111389,111389,07:46:32,[],26.7,101534.7,-0.2007,27.977125,-82.024019,-0.0,0.0,0.0,"-0.000,-0.000",0.23,0.06,0.98,0.3,-0.6,3.6,5.1,100.0,@ARMED
111390,111390,07:46:32,[],27.8,101800.8,-1.6722,27.977125,-82.024019,-0.0,0.0,0.0,"-0.000,-0.000",0.23,0.02,1.03,5.3,-1.1,-2.3,5.2,100.0,@ARMED
111391,111391,07:46:32,[],26.6,101524.5,-0.1438,27.977125,-82.024019,-0.0,0.0,0.0,"-0.000,-0.000",0.02,0.0,0.94,7.9,-1.5,6.2,5.1,100.0,@ARMED
111392,111392,07:46:33,[],26.6,101523.4,-0.1379,27.977125,-82.024019,-0.0,0.0,0.0,"-0.000,-0.000",0.08,-0.02,0.96,0.6,-3.0,6.8,5.2,100.0,@ARMED
111393,111393,07:46:33,[],26.6,101531.6,-0.1832,27.977125,-82.024019,-0.0,0.0,0.0,"-0.000,-0.000",0.09,0.01,1.01,3.1,-0.1,0.6,5.2,100.0,@ARMED
111394,111394,07:46:33,[],26.6,101529.5,-0.1719,27.977125,-82.024019,-0.0,0.0,0.0,"-0.000,-0.000",0.08,-0.02,0.97,4.2,-1.0,-1.7,5.2,100.0,@ARMED
111395,111395,07:46:33,[],26.6,101526.4,-0.1544,27.977125,-82.024019,-0.0,0.0,0.0,"-0.000,-0.000",0.06,-0.0,0.96,1.4,-2.7,2.8,5.2,100.0,@ARMED
111396,111396,07:46:34,[],26.6,101515.2,-0.0926,27.977125,-82.024019,-0.0,0.0,0.0,"-0.000,-0.000",0.1,0.02,0.99,0.7,-7.7,-5.7,5.2,100.0,@ARMED
111397,111397,07:46:34,[],26.6,101527.5,-0.1605,27.977125,-82.024019,-0.0,0.0,0.0,"-0.000,-0.000",0.09,0.05,0.94,-0.2,-2.0,-0.6,5.2,100.0,@ARMED
111398,111398,07:46:34,[],26.6,101534.7,-0.2003,27.977125,-82.024019,-0.0,0.0,0.0,"-0.000,-0.000",0.04,0.02,1.03,1.9,-5.1,-8.7,5.3,100.0,@ARMED
111399,111399,07:46:34,[],26.6,101523.4,-0.1381,27.977125,-82.024019,-0.0,0.0,0.0,"-0.000,-0.000",0.13,0.02,0.96,-0.5,0.2,-1.5,5.1,100.0,@ARMED
