Time,ACCX,ACCY,ACCZ,GYRX,GYRY,GYRZ,MAGX,MAGY,MAGZ
1693680211.9367177,0.0024004296874999996,0.01097845703125,1.00053978515625,0.2680664648437501,0.4331675195312501,-2.09802142578125,9.549045353548072,-14.449122985773029,-45.48027296698951
1693680211.9567127,0.0034990624999999996,0.01000189453125,1.0003566796875,-0.037109316406249926,-0.5586537695312499,0.8240366796875,10.324707119051002,-13.928667343194904,-45.40462806269264
1693680211.976677,0.0030718164062499996,0.0100629296875,1.0003566796875,-0.4338378320312499,0.8833017968750001,-0.74761859375,9.735347588899634,-14.880901161554279,-45.60901090387915
1693680211.9966722,0.0034380273437499996,0.0105512109375,1.00029564453125,0.6190186132812501,-0.3450307226562499,-2.3192738671875,10.51473948208811,-13.495519727960527,-46.05268287336158
1693680212.0166771,0.0031938867187499996,0.01219916015625,1.0015773828125,-0.9221190820312499,0.4713144921875001,-0.40429583984374995,9.34988618911936,-14.6591324056949,-45.38105922089576
1693680212.0366752,0.004231484375,0.0100629296875,0.999746328125,-1.09759515625,-0.3679189062499999,0.24420269531250005,10.317832387971901,-13.642443258722247,-45.97913404108618
1693680212.0566967,0.0038652734374999996,0.01000189453125,1.00096703125,-0.7313842187499999,0.8604136132812501,1.15210064453125,10.822085957674048,-13.483875743585529,-46.05059775617408
1693680212.0767102,0.0031328515624999996,0.0090863671875,1.00176048828125,-0.3575438867187499,0.3263559960937501,-0.42718402343749995,10.216197062654516,-14.752312894952716,-45.32382156122779
1693680212.0967276,0.0038042382812499996,0.009940859375,1.0018215234375,-0.7771605859374999,-0.9477528906249999,1.47253521484375,10.742163542879126,-13.744858113702715,-45.294414768991466
1693680212.1166887,0.0030107812499999996,0.0076215234375,1.0020656640625,-0.9450072656249999,1.79119974609375,2.23547466796875,9.04783601272776,-14.351835409601152,-44.80058054071998
1693680212.1367233,0.0031938867187499996,0.00902533203125,1.0015773828125,-0.13629144531249993,1.45550638671875,0.6104136328125,10.704115252962136,-13.610046275323807,-45.828186586618415
1693680212.156699,0.0031938867187499996,0.008231875,1.001699453125,-0.9450072656249999,-0.3908070898437499,0.991883359375,10.219572804842018,-14.43445201702303,-46.30104052753639
1693680212.1766965,0.0025835351562499996,0.00878119140625,1.0008449609375,-1.0213012109375,0.9061899804687501,2.212586484375,10.675634970491432,-13.778064531183183,-45.431161286081306
1693680212.1967013,0.0037432031249999996,0.00774359375,1.00200462890625,0.7410889257812501,0.7841196679687501,0.09161480468750005,10.373659041414284,-13.75877203753084,-46.352084851510995
1693680212.216704,0.0036211328124999996,0.0076215234375,1.00261498046875,0.13073736328125007,1.3868418359375,-0.09912005859374995,9.00939722403147,-14.748471511163656,-45.861749704050055
1693680212.2367089,0.0034380273437499996,0.00878119140625,1.00249291015625,0.20703130859375007,-0.0093373632812499,1.41150005859375,10.40443431411936,-13.620298375909748,-46.380790071969976
1693680212.2567115,0.0022173242187499996,0.00872015625,1.00334740234375,0.7639771093750001,1.9666758203125,2.31176861328125,9.891271916292213,-14.37049743499178,-44.76971723237037
1693680212.276714,-0.0014447851562500004,0.02141546875,1.0091457421875,0.3519898046875001,0.6391611718750001,-0.26696673828124995,10.334443119661353,-13.97082999358553,-45.55181088532447
1693680212.2967126,0.0077715234375,-0.00843072265625,0.990957265625,-0.4338378320312499,0.0898447656250001,0.40441998046875005,10.966019761873268,-13.71049491301912,-46.10833689606665
1693680212.3167198,0.0029497460937499996,0.01488470703125,1.01128197265625,-1.1433715234375,1.11981302734375,0.65619,9.420786709383034,-14.496466571710526,-46.68356203425025
1693680212.3367827,0.0036821679687499996,0.0103070703125,1.00249291015625,-0.9221190820312499,1.310547890625,0.65619,10.516031400667213,-13.885870484796467,-45.63426147138404
1693680212.356746,0.0038652734374999996,0.006522890625,0.9998683984375,-0.6322020898437499,0.7612314843750001,0.28234966796875005,9.848603299226783,-14.422718234308185,-45.00865799738502
1693680212.3767352,0.00496390625,0.00438666015625,1.0006008203125,0.6647949804687501,0.5704966210937501,0.869813046875,10.964615030427954,-13.732622337823807,-46.16473185346412
1693680212.3967407,0.0015459374999999996,0.005546328125,1.00261498046875,1.5269165625,2.00482279296875,0.05346783203125005,10.603965831697487,-13.810364230890215,-46.118513051218024
1693680212.4167433,0.0014238671874999996,0.0054242578125,1.00115013671875,0.2756958593750001,1.31817728515625,-0.31274310546874995,9.255312833040259,-14.052089044366777,-45.75235154828834
1693680212.436766,0.00441458984375,0.0144574609375,1.00749779296875,-0.8458251367187499,0.2576914453125001,-0.16778460937499995,10.324118086214087,-13.43489022942537,-46.1830903485813
1693680212.4567647,0.0028887109374999996,0.01000189453125,1.00151634765625,-1.21203607421875,0.7612314843750001,1.35046490234375,9.82650577517893,-14.81234997112459,-44.36108078144264
1693680212.4767623,0.0030107812499999996,0.006522890625,1.0013332421875,0.5427246679687501,1.2647715234375,-0.19830218749999995,10.765701911653542,-13.348715925226152,-45.81610177436255
1693680212.4969163,0.0010576562499999996,0.011893984375,1.00200462890625,-0.4338378320312499,-0.5357655859374999,-2.70837298828125,10.902480178743383,-13.962256635675368,-45.008340507272706
1693680212.5167773,0.0077715234375,0.005058046875,1.00420189453125,-0.5787963281249999,0.1585093164062501,-0.22119037109374995,10.598512759676002,-14.633878198663652,-45.956558672677986
1693680212.536768,0.00642875,0.00670599609375,1.003164296875,0.3748779882812501,0.4255381250000001,1.9531870703125,10.491723432649634,-13.71015069378084,-46.238513017770764
1693680212.556768,0.0048418359375,0.0083539453125,1.00047875,0.17651373046875007,0.5170908593750001,-0.72473041015625,9.606836523958227,-14.472276856378496,-44.67593274506568
1693680212.5768058,0.017415078125,0.02147650390625,1.00383568359375,0.6647949804687501,0.1127329492187501,1.42675884765625,10.84710459878733,-14.07467853313631,-46.345813379709234
1693680212.596776,-0.015055625,-0.00879693359375,1.00224876953125,0.054443417968750074,1.11981302734375,0.81640728515625,10.752044918001197,-14.917205636163652,-46.114971907175054
1693680212.616777,0.0031328515624999996,0.00829291015625,1.00194359375,0.10784917968750007,1.94378763671875,0.503602109375,11.161940830598853,-13.803800753351155,-45.27684040387916
1693680212.6367805,0.00404837890625,0.0105512109375,1.0035305078125,-0.06762689453124993,0.9290781640625001,0.26709087890625005,10.580083376375221,-13.92975989641756,-45.436834575021734
1693680212.6567836,0.00496390625,0.010185,1.00029564453125,1.0844116796875,1.40973001953125,8.5144663671875,9.474279198518774,-14.495588516046464,-45.07745870075416
1693680212.6767805,0.0414629296875,0.0437543359375,1.00676537109375,-0.09051507812499993,1.0206308984375,6.9962168554687505,10.840901426057837,-13.489654072687092,-45.38497300251197
1693680212.696794,-0.03025337890625,-0.011543515625,1.001699453125,0.19940191406250007,1.07403666015625,2.03711041015625,9.51761452871897,-14.950545520929278,-45.35549337433814
1693680212.716795,-0.0025434179687500004,-0.0021441015625000004,1.00041771484375,0.031555234375000074,0.8298960351562501,2.41858013671875,10.344733139192604,-13.680206361261309,-45.679064098947514
1693680212.7367969,0.0025835351562499996,0.0026776757812499996,1.0025539453125,0.6953125585937501,1.62335306640625,0.7782603125,10.94829761868479,-13.696063421319902,-46.69404448945045
1693680212.7568004,0.0028276757812499996,0.0100629296875,1.0035305078125,0.8860474218750001,1.21899515625,0.08398541015625005,9.404995362825415,-14.283364675714434,-45.179032602121346
1693680212.7768066,0.00594046875,0.00890326171875,1.000722890625,0.4969483007812501,-0.2916249609374999,1.5106821875,10.958337178865454,-13.832463588312091,-46.41276253046607
1693680212.796831,0.0029497460937499996,0.0088422265625,1.00224876953125,0.3214722265625001,1.005372109375,2.2888804296875,9.949875293001197,-14.778571713312092,-44.98084816156958
1693680212.8168156,0.0026445703124999996,0.009940859375,1.00017357421875,0.5198364843750001,0.9977427148437501,0.84692486328125,10.779852780061745,-13.35404964251131,-47.008548933542244
1693680212.8368158,0.0036211328124999996,0.010429140625,1.00102806640625,0.2528076757812501,0.8298960351562501,-0.67895404296875,10.278263180086157,-13.590619704523027,-46.325799591135016
1693680212.8568282,0.0043535546875,0.00963568359375,1.00139427734375,0.2528076757812501,0.2042856835937501,2.51013287109375,10.595285943635963,-14.554877868097247,-45.27187089777564
1693680212.8768563,0.00417044921875,0.00853705078125,0.9998683984375,0.4511719335937501,1.33343607421875,3.2959605078125,10.251191062044166,-13.461906723565995,-45.66641481208228
1693680212.8968272,0.0031938867187499996,0.00878119140625,0.9998683984375,0.6724243750000001,0.9519663476562501,-0.62554828125,9.040305729524635,-14.428560198663652,-45.27901214692115
1693680212.9168358,0.00404837890625,0.0093305078125,1.00066185546875,0.3519898046875001,0.5476084375000001,1.93029888671875,10.564063757600806,-13.725699697198808,-46.638648895334235
1693680212.9368663,0.0027056054687499996,0.0103070703125,0.99944115234375,0.5427246679687501,1.0511484765625,3.311219296875,10.616637662019752,-14.176042004815994,-45.953392223703375
1693680212.9568574,0.0031938867187499996,0.00951361328125,1.0008449609375,0.8402710546875001,1.33343607421875,-1.35034076171875,10.166344701204322,-14.441905349054277,-45.13130485541724
1693680212.9768524,0.0028887109374999996,0.00926947265625,0.999746328125,1.06152349609375,-0.4442128515624999,-0.961241640625,10.362109842927953,-13.323044563898026,-46.69228300629615
1693680212.9968593,0.00441458984375,-0.00403619140625,1.00096703125,0.3214722265625001,-1.39788716796875,-0.05334369140624995,9.50628642361643,-14.775411919366775,-45.93667151569556
1693680213.0168583,0.02821830078125,-0.159736875,0.999746328125,0.3748779882812501,0.8070078515625001,-1.71655169921875,10.178715111360571,-13.717673893976151,-46.86016295844458
1693680213.0368598,0.0269365625,-0.17603326171875,0.99858666015625,-0.2583617578124999,0.0135508203125001,-2.08276263671875,10.144513329866431,-14.189089728937091,-45.79623678107642
1693680213.0568595,0.0224199609375,-0.2653276953125,0.99626732421875,0.10784917968750007,0.7841196679687501,1.50305279296875,10.529250502595923,-13.215527331476153,-45.68626147406959
1693680213.076862,0.0014849023437499996,-0.3258745703125,0.9981594140625,0.8402710546875001,2.75250345703125,0.63330181640625,10.721479636995339,-13.81992535784334,-45.818906305368415
1693680213.0968623,0.04579642578125,-0.38050103515625,0.99748802734375,0.2528076757812501,1.82171732421875,0.38153179687500005,9.361038141511937,-14.923073174737873,-45.80530885102271
1693680213.1168709,0.07521537109375,-0.4430620703125,0.9981594140625,-1.5095824609375,-1.4055165625,2.3193980078125,10.375958445344947,-13.955208664972245,-46.641716277048104
1693680213.1368763,0.03432181640625,-0.54010796875,0.99773216796875,0.2985840429687501,2.9737558984375,9.5825816015625,9.438199779939673,-15.060714936944903,-45.179330293161385
1693680213.1568775,-0.04612251953125,-0.56739068359375,0.99089623046875,-1.65454095703125,1.6004648828125,9.69702251953125,10.865677767366432,-14.679340937921463,-43.18824574115943
1693680213.1768842,-0.07187935546875,-0.51709771484375,0.998281484375,0.10784917968750007,0.4026499414062501,2.99841412109375,11.299226645051977,-15.518970778253497,-45.223977645822515
1693680213.196884,-0.05442330078125,-0.44165826171875,0.99065208984375,-0.8992308984374999,0.3263559960937501,-0.52636615234375,9.9586948645344,-17.68696074114412,-45.416193605783455
1693680213.216888,-0.08811470703125,-0.27710748046875,1.00346947265625,1.9694214453125,0.5170908593750001,-9.109435,11.414438534822487,-16.67441606926912,-45.792059323801034
1693680213.2368977,-0.08054634765625,-0.12793755859375,0.99358177734375,-0.5330199609374999,0.4713144921875001,-20.2178334375,9.684341833650612,-19.270213081476154,-44.82202076862525
1693680213.2568965,-0.08091255859375,0.0071332421875,1.00456810546875,0.13073736328125007,0.9290781640625001,-24.8565053125,10.934007648469946,-18.273548550714434,-45.290686987619395
1693680213.276899,0.0022783593749999996,0.10607123046875,0.99846458984375,-2.3717040429687497,1.50128275390625,-21.25543109375,10.401088756868385,-18.98137855706209,-44.59916203376197
1693680213.2969053,0.03200248046875,0.18712591796875,1.0030422265625,-0.06762689453124993,3.1873789453125,-18.356261171875,10.683135294466041,-20.65116875628084,-45.659567508981695
1693680213.3169248,0.025715859375,0.30419134765625,1.00310326171875,-1.433288515625,0.5399790429687501,-10.6810902734375,9.469328904207252,-20.011166570733963,-45.53708713471411
1693680213.3369246,-0.01163765625,0.45226263671875,1.00047875,-2.7836913476562497,1.57757669921875,-6.9426869531249995,7.508814798616432,-21.34595672454256,-45.81666878266334
1693680213.3569286,-0.0100507421875,0.5852582421875,1.01018333984375,-0.6016845117187499,1.3563242578125,-7.9497670312499995,8.342054174959205,-20.200777246515212,-47.68308535114478
1693680213.3769226,0.02699759765625,0.58068060546875,1.0074367578125,0.7410889257812501,2.0582285546875,-8.94921771484375,8.18778866555979,-21.51944026067537,-46.30803862299537
1693680213.3969269,0.02907279296875,0.53636908203125,1.00292015625,-0.4796141992187499,-0.4213246679687499,-2.609190859375,7.527928803377174,-24.130614153253497,-47.03721894611548
1693680213.4169712,-0.00498482421875,0.5276410546875,1.004140859375,0.3748779882812501,-0.4899892187499999,2.54827984375,7.664941820222877,-21.121876895440995,-47.83221707184791
1693680213.4369533,-0.0181073828125,0.516044375,1.004385,0.3519898046875001,2.0124521875,3.28833111328125,6.336307916414283,-22.290569485284745,-48.239859948923105
1693680213.4569488,0.0070391015625,0.46849798828125,1.0034084375,0.22229009765625007,0.0593271875000001,-1.79284564453125,7.3652237280597905,-21.301237311944902,-47.67783908515357
1693680213.4769466,-0.0021772070312500004,0.19847845703125,1.0018215234375,1.6032105078125,1.310547890625,12.10791119140625,6.770688930452369,-21.705573071222243,-46.65596515448951
1693680213.496958,0.010579140625,0.23058294921875,1.0023098046875,0.19940191406250007,0.0593271875000001,12.67248638671875,7.9951847257404545,-21.231066616632404,-47.60676510639381
1693680213.5169504,0.044758828125,0.2727582421875,0.99602318359375,1.7252808203125,1.04351908203125,9.34607037109375,7.721516672273659,-21.137531277765213,-47.18878252594947
1693680213.5369859,0.0631914453125,0.3850629296875,1.00200462890625,0.08496099609375007,-0.5891713476562499,1.0681773046875,6.732803061311745,-22.580369313409744,-47.00816728510475
1693680213.5570126,0.137288125,0.477226015625,1.0020656640625,2.6484375585937503,-0.3221425390624999,-4.8293446679687495,7.52570290335276,-21.275801645929278,-47.03531653339576
1693680213.5769644,0.118489296875,0.5178754296875,1.00066185546875,-1.31884759765625,-1.35211080078125,-9.45275775390625,6.348499425935767,-21.862671985773027,-46.02188164948463
1693680213.5969722,0.0605058984375,0.4912641015625,1.0057277734375,-0.6322020898437499,0.1356211328125001,-3.91381732421875,8.269621457063696,-20.828746955499593,-45.94745380683326
1693680213.616971,-0.02610298828125,0.48094916015625,1.00481224609375,1.25988775390625,0.9748545312500001,4.8676157812500005,8.839169253816626,-20.308554480890216,-46.03410465668677
1693680213.63699,-0.05649849609375,0.55760931640625,0.99785423828125,-0.3804320703124999,3.50018412109375,0.95373638671875,7.461350133211158,-20.701147115655843,-44.05593296674537
1693680213.6569858,-0.071452109375,0.66527533203125,1.01299095703125,-0.2812499414062499,-0.7036122656249999,3.36462505859375,9.783330116853735,-19.214206375421465,-45.40855347626685
1693680213.6769946,0.02528861328125,0.6963422265625,1.003652578125,1.10729986328125,-0.0856313085937499,3.48669537109375,9.126433607576391,-19.32584376116365,-44.0902746787815
1693680213.696991,0.11024955078125,0.58977484375,1.0110988671875,-3.0278319726562497,0.4026499414062501,9.597840390625,10.327363926179908,-17.686983185480063,-45.64246798517799
1693680213.717009,0.11726859375,0.37926458984375,1.004629140625,0.4740601171875001,1.69964701171875,8.12536724609375,10.47022831741526,-17.252471101983968,-44.51325124054908
1693680213.7369943,0.1068926171875,0.2507855859375,0.99260521484375,2.1372681250000003,-3.083983359375,7.8430796484375005,10.53687546927073,-17.068525302179275,-43.63756470209693
1693680213.7570083,0.00539115234375,0.1541058984375,0.99999046875,1.2064819921875,-2.93902486328125,17.17382916015625,9.558078409090063,-15.220933127374591,-45.35485420722389
1693680213.7769983,-0.06186958984375,0.08190130859375,0.99999046875,2.1143799414062503,3.42389017578125,7.7744150976562505,8.233556245027565,-15.2856890541324,-44.52595290265845
1693680213.797001,-0.0776776953125,-0.02991509765625,0.9883937890625,-0.06762689453124993,-0.1542958593749999,7.2632456640625005,8.42517500528147,-14.097552456476151,-45.45917391376685
1693680213.8170364,-0.0947675390625,-0.3031694921875,0.99510765625,3.9988403906250003,-2.412596640625,1.6174937109375,8.21469687600901,-14.74578439641756,-44.72164662348365
1693680213.837019,-0.0803632421875,-0.3814165625,0.986562734375,0.6190186132812501,2.37103373046875,-8.88818255859375,7.988885145418188,-13.328443168878497,-46.138600635446544
1693680213.8570137,-0.09031197265625,-0.4464800390625,0.9886379296875,2.3814087500000003,1.310547890625,-10.99389544921875,7.925190988191628,-12.462885032159747,-45.67216091816138
1693680213.8770173,-0.1206464453125,-0.5161821875,0.98924828125,2.0151978125000003,0.8527842187500001,-21.3927601953125,5.988971296663306,-13.193146822198809,-45.90903119965552
1693680213.8970172,-0.00040718750000000043,-0.6173784765625,0.98729515625,-0.5559081445312499,1.3563242578125,-22.1709584375,6.565765983430884,-11.827239383233966,-47.420201398019785
1693680213.917058,-0.00022408203125000043,-0.6314165625,0.9839992578125,3.5868530859375003,3.42389017578125,-22.018370546875,5.06257432180979,-12.421046733819903,-47.051489859811774
1693680213.9370246,-0.01072212890625,-0.64685845703125,0.98827171875,-1.25781244140625,-0.9019765234374999,-23.94860736328125,6.3393218264484625,-11.19358109221834,-44.24977587250709
1693680213.9570255,0.012532265625,-0.5513384375,0.98344994140625,-2.2420043359374997,-0.1542958593749999,-17.15844623046875,6.277240548616431,-10.574386172296466,-48.01621138935279
1693680213.9770327,0.033528359375,-0.525703671875,0.9910793359375,0.8173828710937501,3.33233744140625,-20.83581439453125,5.103849546419165,-11.382416634210529,-47.02752721405982
1693680213.9970312,8.109374999999957e-05,-0.4535601171875,0.9830226953125,0.8173828710937501,0.0593271875000001,-21.1486195703125,5.869898363801977,-10.20972985784334,-46.63627166987037
1693680214.0170405,-0.00864693359375,-0.43250298828125,0.9893703515625,-1.1128539453125,-1.28344625,-16.5099476953125,4.921711778841041,-10.714612190362873,-47.448079139596935
1693680214.037038,0.04579642578125,-0.344063046875,0.98991966796875,0.3977661718750001,2.53888041015625,-2.2887562890625,6.391633603426001,-9.389234142511308,-47.6309937523899
1693680214.0570502,0.01515677734375,-0.12604546875,0.9955959375,-0.9221190820312499,0.8070078515625001,-19.4091176171875,6.2736311991291265,-9.666679734308184,-48.13602934162329
1693680214.0770524,-0.0176191015625,-0.227852109375,0.99126244140625,0.5961304296875001,-0.3221425390624999,-9.0331410546875,6.50548711465647,-10.384833529718339,-47.65552087275123
1693680214.0970552,0.01820853515625,-0.194648984375,0.99345970703125,-0.3117675195312499,1.62335306640625,-2.26586810546875,6.21665604019358,-9.407193380304278,-47.12704219526099
1693680214.1170564,0.0022173242187499996,-0.3112261328125,0.989980703125,-0.6779784570312499,2.95086771484375,-1.693663515625,5.285980626009009,-10.720765299249589,-46.75658642621803
1693680214.1370895,-0.0015668554687500004,-0.39063287109375,0.9927883203125,2.0914917578125003,0.1585093164062501,8.1787730078125,6.400571991731666,-9.641999250909748,-46.97764196918678
1693680214.157081,0.0204668359375,-0.43433404296875,0.99333763671875,-2.1428222070312497,2.17266947265625,10.65832623046875,6.562965838777565,-10.60618695159334,-46.05118172272681
1693680214.1770723,0.0058183984375,-0.44654107421875,0.99516869140625,-0.8763427148437499,0.4713144921875001,13.107361875,6.486976499422095,-11.194360617608965,-46.22120217475318
1693680214.1970754,-0.01938912109375,-0.45630669921875,0.99162865234375,2.4119263281250003,2.53888041015625,14.35095318359375,6.960382629182838,-10.516811683526935,-46.31551187421607
1693680214.2170773,-0.0198163671875,-0.5011675390625,0.99516869140625,-2.8828734765624997,1.74542337890625,18.73022564453125,5.753294078523657,-11.92004883831209,-45.04888594867896
1693680214.2370806,-0.0199384375,-0.5353472265625,0.9905910546875,-0.7771605859374999,-0.5128774023437499,23.64355572265625,7.712290267610572,-11.366513370050372,-47.08650681183814
1693680214.2570825,0.0097246484375,-0.60846734375,0.98711205078125,-0.8992308984374999,0.4255381250000001,30.93725689453125,7.430292179231665,-12.55597699065584,-44.880907082834234
1693680214.2771242,0.02113822265625,-0.5094683203125,0.99266625,1.82446294921875,-1.30633443359375,37.59008892578125,8.03574012173655,-12.113641129815997,-43.54168393610572
1693680214.29709,-0.0249433203125,-0.33911919921875,0.99883080078125,-3.0736083398437497,0.7536020898437501,30.28112896484375,8.29223759866526,-12.576058351495686,-45.595325048776616
1693680214.3171058,-0.01096626953125,-0.25544,0.987051015625,-2.5166625390624997,-0.6578358984374999,23.82666119140625,8.069668765901588,-14.086322544366778,-43.87990861713599
1693680214.3370974,0.06813529296875,-0.10364556640625,0.98772240234375,-1.921569765625,-0.8027943945312499,18.73022564453125,9.17941625882151,-13.650094918878494,-44.63503366877173
1693680214.3570967,0.10939505859375,0.0117719140625,1.00700951171875,-0.4033202539062499,2.00482279296875,21.4234019140625,8.719271972932837,-15.628594585870683,-44.46105688263892
1693680214.3771007,0.067708046875,0.06908392578125,0.9955959375,1.008117734375,0.6162729882812501,17.5171519140625,9.834110305696509,-15.023629684503494,-45.38405142084693
1693680214.3971033,0.03914359375,0.2122113671875,0.997793203125,-2.7073974023437497,0.7841196679687501,18.508973203125,9.886907637117408,-16.27090847551912,-44.04477279096412
1693680214.4171069,0.088215859375,0.2974164453125,0.992422109375,-1.799499453125,-0.8485707617187499,17.6697398046875,9.044796154451392,-18.811481394952715,-44.05600186982154
1693680214.437108,0.11830619140625,0.3870160546875,1.00346947265625,1.91601568359375,0.4026499414062501,13.02343853515625,9.745138786043189,-18.48555227630037,-44.37394903351783
1693680214.4571135,0.0739336328125,0.40062689453125,0.99809837890625,-1.067077578125,0.1127329492187501,1.12158306640625,7.253212053499244,-20.47588242083162,-44.02161475141334
1693680214.4771168,0.024251015625,0.454765078125,1.005605703125,0.5732422460937501,1.24188333984375,-8.47619525390625,8.355055870027565,-19.901029598565998,-44.84018545087623
1693680214.4971256,0.020100625,0.49950384765625,0.998281484375,-1.53247064453125,0.5933848046875001,-8.67455951171875,7.515616381746313,-20.533229883233965,-44.42979798237037
1693680214.5171356,0.04323294921875,0.57237982421875,1.0071926171875,1.13781744140625,1.57757669921875,-13.3818959375,4.55798295450022,-21.426549171319902,-45.1843004575901
1693680214.5371299,0.0546465234375,0.55590033203125,0.99895287109375,-0.8687133203124999,-0.7036122656249999,-15.4418324609375,7.010820072786354,-20.642268090265212,-44.62428633967017
1693680214.557141,0.02882865234375,0.53417181640625,1.00005150390625,2.2593384375000003,1.28765970703125,-13.09960833984375,5.428073563631079,-22.07689013176912,-45.10278354010963
1693680214.5771937,0.01869681640625,0.516044375,1.00005150390625,-0.3346557031249999,1.04351908203125,-10.726866640625,6.4679291210041265,-20.798467787530836,-45.95249602961158
1693680214.597195,-0.0359296484375,0.49340033203125,1.00047875,-0.9450072656249999,3.5230723046875,-7.8811024804687495,6.7342678182697515,-21.904074446222246,-45.61540402973365
1693680214.617154,-0.0461835546875,0.49083685546875,1.00041771484375,0.17651373046875007,-2.5804433203125,0.96136578125,6.735988488313698,-20.78292252385896,-46.065604177804936
1693680214.6371567,-0.01597115234375,0.221854921875,0.995351796875,1.18359380859375,1.33343607421875,1.9989634375,6.432665401033423,-20.84768966985506,-46.776434950510016
1693680214.6571572,-0.01487251953125,0.3765180078125,1.00066185546875,0.031555234375000074,0.8985605859375001,6.1493540625000005,5.8815889267902595,-21.723135084894125,-45.95160717768287
1693680214.6771605,0.0385332421875,0.42894720703125,0.99706078125,-0.2583617578124999,-1.1155995703125,2.6550913671875,6.737055939851782,-20.561062086358962,-45.524728008859626
1693680214.697164,0.0170488671875,0.496268984375,0.99901390625,0.4969483007812501,0.9748545312500001,-2.57104388671875,6.152142977083228,-21.325191911554278,-46.046928427804936
1693680214.7171662,0.039387734375,0.6289594140625,1.00444603515625,2.9993897070312503,1.2647715234375,-15.99877826171875,6.940186685945533,-20.60398241253084,-45.49820869465064
1693680214.7371995,0.0324297265625,0.61510443359375,1.00395775390625,-0.3575438867187499,-0.9019765234374999,-15.54101458984375,7.634978204622291,-20.230904906183184,-45.24479367597388
1693680214.7571926,0.0124101953125,0.57128119140625,1.0067043359375,-2.2420043359374997,-0.4671010351562499,-15.5028676171875,7.007177924348853,-20.696783135675375,-44.78251362702369
1693680214.777188,-0.0212812109375,0.5305707421875,1.0054836328125,0.2756958593750001,-1.30633443359375,-16.38024798828125,8.584568227449438,-18.98282724846834,-46.0480699188938
1693680214.7971878,0.0277910546875,0.4944379296875,1.0076808984375,2.0914917578125003,0.3263559960937501,-10.21569720703125,7.981641213777564,-18.909323395440992,-45.20763117792701
1693680214.8171961,0.06117728515625,0.58153509765625,0.99419212890625,0.6953125585937501,2.8516855859375,-12.06201068359375,9.444303634431861,-17.464686868097246,-45.3040433473606
1693680214.8372138,0.03773978515625,0.5613324609375,0.998281484375,-0.4567260156249999,5.9034433984375,-15.15191546875,9.822433522371314,-16.283520929620686,-45.409604490304936
1693680214.8571928,0.03236869140625,0.406913515625,0.9986476953125,4.0751343359375,-2.4888905859375,-8.1176137109375,8.398329628572487,-15.74361441546053,-44.11468125837134
1693680214.877283,-0.07993599609375,0.24828314453125,0.99565697265625,0.062072812500000074,0.6162729882812501,-8.35412494140625,9.652330237947487,-14.78659878411287,-45.31561533576392
1693680214.897203,-0.01706978515625,0.0874555078125,0.99895287109375,2.1677857031250003,-1.68780416015625,-0.83154193359375,8.376795128816626,-14.255580533136312,-44.50075954010963
1693680214.9173243,0.0034990624999999996,0.06090521484375,0.99468041015625,-2.0207518945312497,-4.64800923828125,2.09814556640625,9.258129161897681,-13.458626570733966,-45.22763259125709
1693680214.937222,0.09645560546875,-0.0783159765625,0.99504662109375,0.22991949218750007,-0.1771840429687499,7.2937632421875005,8.59671599807932,-12.731462290948809,-45.19604087128638
1693680214.9572184,0.0168047265625,-0.221016171875,0.98381615234375,3.0451660742187503,-0.4671010351562499,6.6147471289062505,5.089865453157446,-13.179804164972246,-46.39890117499732
1693680214.9772193,-0.044596640625,-0.29346490234375,0.98064232421875,-1.16625970703125,-0.1314076757812499,2.1668101171875,7.850789086092017,-12.111344426690994,-46.90382429584693
1693680214.997226,-0.03904244140625,-0.423652890625,0.98772240234375,4.365051328125,-4.02239888671875,-4.8293446679687495,5.928305302766821,-12.633806230890215,-46.55322280048561
1693680215.0172272,0.10646537109375,-0.482246640625,0.99529076171875,-3.4169310937499997,-0.2534779882812499,-12.97753802734375,7.202616424837134,-11.38637336956209,-46.8146793831272
1693680215.0372298,0.062825234375,-0.5474321875,0.9805812890625,-3.8060302148437497,-0.2992543554687499,-9.13232318359375,6.808693896760962,-11.633369511651933,-46.87606747809791
1693680215.0572367,0.0107012109375,-0.60742974609375,0.98698998046875,2.3661499609375003,2.19555765625,-15.5944203515625,7.090515164583229,-10.370789268487872,-46.68778425507544
1693680215.077236,-0.041178671875,-0.6120073828125,0.97905541015625,3.3884888281250003,1.7683115625,-15.31213275390625,6.6140175909748296,-9.792228508722246,-46.7628581520481
1693680215.0972388,0.0155840234375,-0.57141900390625,0.9927883203125,-0.4796141992187499,0.9290781640625001,-12.71050921875,4.983041230867408,-10.177070995050371,-47.264509593942634
1693680215.1172416,0.03249076171875,-0.560859921875,0.9842433984375,-0.4262084374999999,-2.17608541015625,-13.03857318359375,6.043529868196509,-9.464883836358965,-47.61916785798072
1693680215.137248,-0.00040718750000000043,-0.53760552734375,0.98827171875,-0.2583617578124999,-1.2376698828125,-14.88488666015625,4.63156285281565,-9.759635143487872,-46.96450215693091
1693680215.1572523,-0.027018515625,-0.53931451171875,0.9832668359375,0.7182007421875001,1.7683115625,-12.36718646484375,5.1914151759357665,-9.379789024835528,-47.492426436594
1693680215.1772509,0.0155840234375,-0.50061822265625,0.987051015625,-0.2812499414062499,1.37921244140625,0.89270123046875,5.416559999177954,-8.757938124444903,-47.919013079782474
1693680215.1972551,-0.00815865234375,-0.1254351171875,0.98930931640625,-0.059997499999999926,0.6086435937500001,-7.4309682031249995,3.9279672186603762,-9.513784601495685,-48.036302906442636
1693680215.2172577,-0.0149335546875,-0.41443658203125,0.9857082421875,0.6495361914062501,-1.527586875,-4.0664052148437495,5.853358624422095,-8.565288034601153,-48.508643687814704
1693680215.2372615,0.017903359375,-0.29840875,0.9905910546875,0.7716065039062501,0.2271738671875001,1.45727642578125,4.037131668489478,-9.764357733819903,-47.61158565790748
1693680215.2572646,0.00795462890625,-0.46546197265625,0.984121328125,0.13073736328125007,0.5399790429687501,4.0741587500000005,5.752520970735572,-8.838334078546465,-48.566426512277594
1693680215.2773066,-0.00559517578125,-0.564277890625,0.98760033203125,-0.014221132812499926,2.34051615234375,9.597840390625,6.055880171297096,-8.789183905694902,-47.78610048639869
1693680215.29727,0.021321328125,-0.6049273046875,0.98442650390625,2.8315430273437503,-3.30523580078125,17.73840435546875,4.447413115999243,-10.177925359796465,-48.47325720612525
1693680215.317271,0.046711953125,-0.5807573828125,0.99333763671875,2.4577026953125003,-0.6654652929687499,21.743836484375,6.6649067444172125,-9.847325388116776,-47.91842217292213
1693680215.3373315,0.02321341796875,-0.4938433203125,0.9839992578125,0.5732422460937501,0.1279917382812501,17.89099224609375,5.5404461452961185,-11.065366436944903,-48.16162658490943
1693680215.3572953,-0.01621529296875,-0.49060845703125,0.99089623046875,4.05224615234375,2.0277109765625,16.60925396484375,7.312546906038306,-10.325176835382402,-47.74306489618873
1693680215.3772967,-0.0316571875,-0.552070859375,0.98442650390625,-3.5390014062499997,-0.5433949804687499,15.28173931640625,7.838221181917213,-11.625625538995685,-46.202507858224855
1693680215.3972864,-0.0395917578125,-0.62842583984375,0.98332787109375,-0.037109316406249926,-0.9248647070312499,18.0054331640625,8.11921633352854,-12.955203538995683,-46.08492947309302
1693680215.4172933,-0.02042671875,-0.47583794921875,1.00066185546875,1.40484625,-1.26055806640625,19.46264751953125,8.440147516878149,-11.970057031671464,-46.01040403095435
1693680215.4373002,0.03090384765625,-0.3295366796875,0.98430443359375,-0.20495599609374993,-0.9248647070312499,20.56128033203125,7.971937074495338,-13.426544555597246,-46.16888188117408
1693680215.4572997,0.10194876953125,-0.1509478125,0.9888820703125,2.3890381445312503,-0.4976186132812499,9.353699765625,9.389630315462135,-13.274859757745684,-45.61300526789283
1693680215.477302,0.13380912109375,0.02013373046875,1.00102806640625,-1.2349242578125,0.0822153710937501,3.50195416015625,9.608777128694557,-15.048886363702715,-44.765514757516854
1693680215.4973106,0.160481484375,0.15758490234375,0.986562734375,0.5274658789062501,-1.191893515625,2.84582623046875,10.45497382486155,-18.07960198333162,-44.0186148050022
1693680215.5173178,0.1499834375,0.2378461328125,0.990957265625,-2.4174804101562497,-1.7869862890625,6.7597056250000005,10.085465136140845,-15.854590766534745,-46.43534433112525
1693680215.5373173,0.082600625,0.3555219140625,1.00420189453125,-0.8458251367187499,-0.2000722265624999,6.3248301367187505,8.673564715608618,-18.07707267864412,-44.46957779743384
1693680215.5573177,-0.0588788671875,0.41722845703125,0.99199486328125,0.18414312500000007,0.7078257226562501,-2.95251361328125,10.012189433748267,-17.316632107355062,-45.36304372272681
1693680215.5773294,-0.07029244140625,0.454765078125,0.99626732421875,-3.2872313867187497,-1.191893515625,-5.0200795312499995,8.000953068513894,-19.14660436126131,-44.87600386689186
1693680215.597329,0.03444388671875,0.50383734375,0.99834251953125,-0.3575438867187499,-0.9248647070312499,1.80822857421875,8.634875467561743,-18.90073257952303,-45.1222117881565
1693680215.6173525,0.07826712890625,0.5056683984375,0.99761009765625,-1.13574212890625,-1.93194478515625,7.0343638281250005,8.15985810696604,-19.93533793206209,-45.058253604806886
1693680215.637355,0.0197344140625,0.55565619140625,0.99883080078125,0.7258301367187501,0.7536020898437501,10.26159771484375,6.109498212923072,-21.33384942962068,-45.10643544953345
1693680215.6573904,-0.0021772070312500004,0.55187201171875,0.99626732421875,-3.8060302148437497,3.97320658203125,9.19348248046875,6.891548249910376,-20.390952877862873,-46.127227559152594
1693680215.6773536,-0.0433759375,0.61907171875,1.00334740234375,-1.94445794921875,3.97320658203125,3.1433726171875,4.9562583041095944,-21.54012098235506,-45.86415224518775
1693680215.6973667,-0.0266523046875,0.5698773828125,0.99931908203125,-0.2812499414062499,-0.1085194921874999,6.1188364843750005,5.799163788118385,-20.942212819757405,-47.12174019782447
1693680215.7173698,-0.07725044921875,0.584647890625,0.99626732421875,-1.01367181640625,-0.3450307226562499,1.785340390625,5.665331531038306,-21.08081806536287,-47.17418285444068
1693680215.7373726,0.0038042382812499996,0.52965521484375,0.9897365625,-1.311218203125,-1.985350546875,4.2267466406250005,2.5714931761799074,-22.06979731438631,-47.05401034186743
1693680215.7573645,0.00526908203125,0.4023969140625,1.00945091796875,-0.014221132812499926,0.4865732812500001,2.87634380859375,5.547640532991432,-21.344789394952716,-47.70274064655494
1693680215.777386,-0.028483359375,0.3752973046875,0.9996242578125,-2.2877807031249997,-0.7570180273437499,10.4981089453125,4.309124649812721,-22.348624138605057,-46.01793130573462
1693680215.7973688,0.016926796875,0.52629828125,0.99529076171875,-1.70031732421875,-1.50469869140625,5.0964976171875005,5.4476233044758064,-21.548394988702718,-46.60514760834693
1693680215.817373,0.02211478515625,0.4814984765625,1.00212669921875,1.25988775390625,1.74542337890625,-0.44244281249999995,6.047340489046118,-22.04854285393709,-45.993393873361576
1693680215.8373756,0.0316973046875,0.587089296875,1.00249291015625,2.6789551367187503,-6.98260396484375,-7.0876454492187495,6.002527160799048,-21.7692046166324,-45.13426793830298
1693680215.8573895,0.01076224609375,0.617606875,0.997793203125,-2.4632567773437497,0.0364390039062501,-9.750304140625,6.969794013948463,-20.53280649016756,-46.72826282807349
1693680215.8773844,-0.01706978515625,0.6616742578125,1.00005150390625,-1.4790648828125,-3.7401112890625,-8.07183734375,6.354576663362525,-21.10705625969881,-44.47196246222877
1693680215.8973832,-0.03953072265625,0.65319037109375,1.00639916015625,-1.25781244140625,-2.6262196875,-11.22277728515625,7.606487741853735,-19.970292329523026,-45.29078333576392
1693680215.917389,-0.04746529296875,0.64269232421875,0.99382591796875,7.01245123046875,-0.2534779882812499,-19.20312396484375,8.198259370149634,-20.054459225519118,-45.912936967721926
1693680215.9374244,-0.02335640625,0.59270453125,1.00920677734375,-0.4033202539062499,-1.13848775390625,-13.839659609375,8.769119683382055,-18.27699463567537,-44.34537928888892
1693680215.957408,0.0353594140625,0.56096625,1.00285912109375,0.7487183203125001,-1.30633443359375,-18.48596087890625,9.904595628450416,-17.152714684503497,-45.25639250422095
1693680215.9774024,0.0815019921875,0.36168646484375,0.98833275390625,2.9230957617187503,0.3187266015625001,-13.80914203125,9.092896502229713,-16.636989117608962,-44.00112937726783
1693680215.9974065,0.0404863671875,0.21630072265625,1.000234609375,-5.91174310546875,0.9519663476562501,-4.8674916406249995,10.119486723421119,-14.95844098674959,-45.223912776071536
1693680216.017412,0.0026445703124999996,0.0120160546875,0.98406029296875,1.33618169921875,0.5170908593750001,-4.8522328515624995,8.680930422395727,-14.575733794855058,-44.8053999185276
1693680216.0374136,0.04079154296875,-0.12635064453125,0.99553490234375,-5.156433046875,0.0135508203125001,-2.3497914453125,9.564060666414283,-13.666700312921467,-45.81239669330787
1693680216.057449,0.09132865234375,-0.291328671875,0.99590111328125,1.87023931640625,-1.3597401953125,-3.92144671875,8.868581033967994,-12.86006363909334,-45.658389468820566
1693680216.077416,0.04726126953125,-0.39527154296875,0.985097890625,0.9699707617187501,-0.4671010351562499,0.6714487890625,7.028282956087135,-13.302362727472246,-46.42309763935279
1693680216.0974214,0.05580619140625,-0.43994927734375,0.9803371484375,-3.5390014062499997,2.12689310546875,13.95422466796875,7.964392315950417,-11.655304210382404,-46.257498339059815
1693680216.1174262,0.07045462890625,-0.563789609375,0.98271751953125,2.0151978125000003,0.6849375390625001,13.53460796875,6.239236353548071,-12.50571498626131,-46.65939814606666
1693680216.137445,0.106282265625,-0.6400835546875,0.98924828125,-2.6082152734374997,2.00482279296875,9.14007671875,7.409824699495338,-11.818952884210528,-47.43638249543189
1693680216.1574528,0.013997109375,-0.6896441015625,0.9827785546875,-0.20495599609374993,0.4636850976562501,1.4038706640625,6.973503452913306,-11.480690711847247,-46.3078612791233
1693680216.1774478,-0.1457929296875,-0.724922421875,0.990468984375,-5.3242797265625,-2.8245839453125,-3.63915912109375,7.334211205598853,-11.906376878839435,-46.95150835798072
1693680216.1974413,-0.12101265625,-0.67096734375,0.98149681640625,-0.8992308984374999,-1.9090566015625,-2.670226015625,6.477836084749244,-10.817195401788654,-47.41902272077369
1693680216.2174451,-0.05588814453125,-0.6107866796875,0.98485375,0.7944946875000001,-1.1613759375,-3.47131244140625,5.215581945833228,-11.09710051409334,-47.22250928632544
1693680216.237457,0.01820853515625,-0.5497515234375,0.98845482421875,0.8936768164062501,-1.33685201171875,-1.449522890625,5.9065449830646735,-10.438714388116777,-48.57576428681373
1693680216.2574613,0.00575736328125,-0.46216607421875,0.989004140625,-1.8452758203125,-0.0856313085937499,0.09924419921875005,6.2061842955646735,-11.056899704523026,-46.745667125314704
1693680216.2774599,-0.01121041015625,-0.126289609375,0.9901027734375,-0.5253905664062499,2.07348734375,1.79296978515625,6.0701484011554925,-10.707166932550372,-47.72544880353736
1693680216.297462,-0.00040718750000000043,-0.163887265625,0.9915676171875,-0.13629144531249993,-0.1085194921874999,-11.9933461328125,6.556744207551978,-10.673113650812091,-47.791642621164314
1693680216.3174956,-0.0063886328125,-0.20313287109375,0.99120140625,-0.6245726953124999,-1.84039205078125,-19.36334125,5.041100768953345,-11.346562388605058,-47.05255517182349
1693680216.33747,0.0238848046875,-0.1095659765625,0.99394798828125,0.5503540625000001,-2.80169576171875,-10.9557484765625,6.797671490633032,-10.556801714288653,-48.4942949867649
1693680216.3574958,-0.01536080078125,0.107597109375,0.99040794921875,2.2135620703125003,0.2729502343750001,-10.8336781640625,5.307719291536353,-11.337527576593342,-47.29155353058814
1693680216.3774745,0.0152178125,0.16954779296875,0.99529076171875,4.29638677734375,-0.5433949804687499,-5.5617665429687495,6.2869653288898695,-10.37264327923006,-47.82993244709205
1693680216.397488,-0.0156659765625,0.17589544921875,1.00096703125,1.8473511328125,0.4942026757812501,7.0877695898437505,6.046053739168189,-10.273531658136308,-48.03125405048561
1693680216.4174917,0.0077715234375,0.08055853515625,0.98808861328125,-0.15917962890624993,0.6849375390625001,6.8894053320312505,5.588447115510963,-11.33604276458162,-47.358066070871345
1693680216.4374938,0.0020342187499999996,0.03221869140625,0.989492421875,0.4053955664062501,0.6391611718750001,0.24420269531250005,6.460113941560768,-10.802763910089435,-48.00473031415748
1693680216.4575746,0.01051810546875,0.00579046875,0.9955959375,-0.3804320703124999,-0.4213246679687499,0.64856060546875,5.0819547759113535,-11.432151134210528,-49.14735265729713
1693680216.4774892,0.0036821679687499996,0.00475287109375,0.99602318359375,-0.9678954492187499,-0.4442128515624999,1.50305279296875,6.4594008755207275,-10.477559434503497,-48.08770439057349
1693680216.4974995,0.0041094140625,0.01164984375,0.9936428125,-0.5025023828124999,-0.7570180273437499,0.19079693359375005,6.29157437637522,-10.56792623235506,-47.87874103632545
1693680216.5175548,0.0029497460937499996,0.00969671875,0.99468041015625,0.20703130859375007,-0.6120595312499999,-2.08276263671875,4.984821629793188,-11.532857301690996,-46.81553795160865
1693680216.5376472,0.0027666406249999996,0.01049017578125,0.99541283203125,-0.8000487695312499,-0.6807240820312499,1.0071421484375,6.134225269807837,-10.522767773858966,-47.12506488910864
1693680216.5575237,0.0030107812499999996,0.0107953515625,0.99468041015625,-0.6474608789062499,-0.1771840429687499,-0.22119037109374995,5.044791291048071,-11.366844570733965,-47.93477112140846
1693680216.577518,0.0029497460937499996,0.0105512109375,0.993398671875,-0.15917962890624993,-0.3755483007812499,-1.7699574609375,5.890433030672094,-10.251951767023028,-48.35464363886451
1693680216.5975223,0.0031938867187499996,0.01061224609375,0.9940090234375,-0.4490966210937499,-0.6883534765624999,-0.839171328125,6.219234051424048,-10.55237722893709,-47.47860515876197
1693680216.6175506,0.0031328515624999996,0.01036810546875,0.9936428125,-0.5787963281249999,-0.9248647070312499,0.26709087890625005,6.482441699251197,-11.28708216692537,-47.673795831125254
1693680216.6375227,0.0033769921874999996,0.01036810546875,0.99358177734375,-0.4567260156249999,0.5170908593750001,-0.80102435546875,6.310086285188697,-10.47946704485506,-47.64158106427954
1693680216.6575248,0.0034990624999999996,0.0103070703125,0.9930324609375,-0.6779784570312499,0.2729502343750001,-0.7018422265625,5.644111288850806,-11.068984597101153,-48.00002586982154
1693680216.6775234,0.0025224999999999996,0.01061224609375,0.993398671875,-0.4796141992187499,-0.0627431249999999,0.63330181640625,6.5785303253498295,-10.296956176202716,-48.415697634225836
1693680216.6975417,0.0031938867187499996,0.01097845703125,0.99370384765625,-0.5482787499999999,0.5628672265625001,1.57934673828125,6.651376176912329,-11.157363937921465,-47.930339268869396
1693680216.7175527,0.0030107812499999996,0.01122259765625,0.9935207421875,0.20703130859375007,-0.2077016210937499,0.05346783203125005,6.606610241609595,-10.511327082940998,-47.247740544015876
1693680216.7375376,0.0030107812499999996,0.0103070703125,0.9937648828125,0.18414312500000007,-0.2305898046874999,-1.31982318359375,5.722154105134986,-10.018721122491778,-48.19417457331275
1693680216.7575455,0.0030107812499999996,0.01049017578125,0.99248314453125,-0.18206781249999993,0.4407969140625001,-0.07623187499999995,4.986458734285376,-11.38900815813631,-47.246145444162366
1693680216.777535,0.0034990624999999996,0.0107953515625,0.99370384765625,0.18414312500000007,0.3263559960937501,-2.79992572265625,6.2582209737873296,-10.81365831389803,-47.673351455392826
1693680216.79765,0.0034990624999999996,0.01085638671875,0.9930324609375,-0.5253905664062499,0.9901133203125001,1.21313580078125,5.270243047517798,-11.190848509210529,-47.814367763376225
1693680216.8175814,0.0036211328124999996,0.010429140625,0.99266625,-0.059997499999999926,-0.0398549414062499,0.14502056640625005,6.433542682893775,-10.446224464776934,-48.24985518183326
1693680216.837563,0.0033769921874999996,0.0105512109375,0.99284935546875,0.016296445312500074,0.4407969140625001,-1.88439837890625,6.318743613924048,-10.499584589288652,-47.99617829096412
1693680216.8575883,0.0031328515624999996,0.0105512109375,0.9949855859375,-0.3575438867187499,0.4407969140625001,-0.26696673828124995,5.294428081697486,-10.724194515069904,-47.20366543122291
1693680216.8775728,0.0022173242187499996,0.0107953515625,0.9969387109375,-0.13629144531249993,0.2042856835937501,-0.05334369140624995,6.407154324251197,-10.704112496515215,-47.25250183881568
1693680216.8976038,0.0018511132812499996,0.0100629296875,0.997304921875,0.039184628906250074,0.5857554101562501,0.12213238281250005,5.018708572053931,-11.349519540948808,-48.06190644721412
1693680216.9175713,0.0014849023437499996,0.01061224609375,0.99907494140625,-0.059997499999999926,-0.9248647070312499,1.0681773046875,6.222508260408424,-10.264678941827714,-48.33982014386939
1693680216.937578,0.00429251953125,0.01036810546875,0.99431419921875,0.18414312500000007,-0.3755483007812499,-0.84680072265625,6.361242944246314,-9.986963333429276,-48.35073625519751
1693680216.9575775,0.004475625,0.00951361328125,0.99284935546875,-0.5253905664062499,0.5628672265625001,1.20550640625,6.315852978426001,-11.431263694757401,-47.10693430390357
1693680216.9775877,0.0031938867187499996,0.0107953515625,0.99516869140625,-0.4796141992187499,-0.0093373632812499,1.785340390625,6.370112479646704,-10.560111817804277,-47.71784975873756
1693680216.997626,0.0032549218749999996,0.01073431640625,0.99577904296875,-0.3346557031249999,0.1279917382812501,-1.1901234765625,5.173346688142798,-11.33672499114412,-46.62750701325416
1693680217.0176878,0.0027056054687499996,0.01036810546875,0.99651146484375,-0.4033202539062499,0.1585093164062501,1.51831158203125,6.504763808992408,-10.257219355890216,-48.268949211008064
1693680217.0376832,0.0027666406249999996,0.010917421875,0.99706078125,-0.2812499414062499,-0.0856313085937499,-0.52636615234375,6.777821623201391,-10.716455528741779,-47.21443117902564
1693680217.0576136,0.0022783593749999996,0.01049017578125,0.99748802734375,-0.15917962890624993,0.2042856835937501,-2.79992572265625,6.638717959871314,-10.945713184503497,-47.44648061493872
1693680217.077609,0.0024004296874999996,0.00987982421875,0.99822044921875,-0.5787963281249999,0.0822153710937501,0.06109722656250005,6.305485084383033,-10.176472312921465,-48.04475945954322
1693680217.0976226,0.0028887109374999996,0.01061224609375,0.99785423828125,-0.2812499414062499,-0.3221425390624999,0.05346783203125005,5.402532926668189,-11.08891630608553,-47.771811336130135
1693680217.117622,0.0030718164062499996,0.010429140625,0.9979152734375,0.08496099609375007,-0.0398549414062499,-0.533995546875,6.565049603059791,-10.524196451105059,-47.534261392526616
1693680217.137641,0.0027056054687499996,0.01049017578125,0.9974269921875,-0.13629144531249993,0.2042856835937501,-1.93017474609375,6.159654457429908,-11.159812233331621,-48.54224794306373
1693680217.1576262,0.0036211328124999996,0.0111615625,0.99492455078125,-0.5787963281249999,0.7307139062500001,0.64856060546875,6.6085870189533455,-10.477332429132403,-47.18038800177955
1693680217.1776361,0.0033159570312499996,0.01073431640625,0.99748802734375,0.10784917968750007,0.8756724023437501,-1.327452578125,6.632625207063697,-10.038089065362872,-47.83010792865943
1693680217.1976204,0.0030107812499999996,0.009940859375,0.99785423828125,-0.18206781249999993,0.8985605859375001,-1.33508197265625,5.102952480989478,-11.253731104913653,-47.66394207746314
1693680217.2176301,0.0018511132812499996,0.0107953515625,1.00017357421875,-0.3956908593749999,-0.1619252539062499,-0.19830218749999995,6.634663971345923,-10.232918659601152,-48.154219141916265
1693680217.2376251,0.0027056054687499996,0.01073431640625,0.99919701171875,0.039184628906250074,0.3950205468750001,-0.24407855468749995,5.187688362581274,-11.222553272394123,-46.94202364472388
1693680217.2576292,0.0031328515624999996,0.0100629296875,1.0010891015625,0.4282837500000001,-0.4442128515624999,-0.7018422265625,6.646147809236548,-10.088204562921465,-47.54108245124244
1693680217.2776425,0.0028276757812499996,0.0100629296875,0.99895287109375,-0.7466430078124999,-0.7570180273437499,-2.029356875,6.3073422422199465,-10.477942330499591,-47.939870213449474
1693680217.2976384,0.0030718164062499996,0.01067328125,0.99712181640625,-0.6932372460937499,0.4942026757812501,0.7782603125,5.31570647415354,-11.125071128839435,-47.33513983979224
1693680217.3176396,0.0028887109374999996,0.01097845703125,0.99901390625,-0.11340326171874993,0.4179087304687501,-0.9765004296875,6.296673062898657,-10.29147717766756,-48.498597507394784
1693680217.337655,0.0030718164062499996,0.01097845703125,0.999258046875,-0.7008666406249999,-0.4671010351562499,-1.0680531640625,5.146215643953345,-11.05123302923006,-47.993527955881106
1693680217.3576448,0.0020342187499999996,0.01085638671875,1.00163841796875,-0.5025023828124999,0.0135508203125001,0.7019663671875,6.349931885408424,-9.691252940362872,-48.07697039399146
1693680217.3777328,0.0021562890624999996,0.01073431640625,0.9995021875,-0.12866205078124993,-0.2763661718749999,-0.13726703124999995,6.474226675935768,-10.535710098077717,-47.62627997455787
1693680217.3976653,0.0025224999999999996,0.010429140625,0.998769765625,-0.18206781249999993,0.1813975000000001,-0.29748431640624995,6.133266158113501,-10.79147913079256,-47.45745529853247
1693680217.417768,0.0027056054687499996,0.01097845703125,1.00005150390625,-0.3270263085937499,0.6620493554687501,-0.63317767578125,6.440623913362526,-10.397519555597245,-47.70139264472388
1693680217.4376674,0.0025835351562499996,0.01061224609375,0.99980736328125,-0.037109316406249926,-0.3221425390624999,-1.12145892578125,5.616390484651587,-10.754012865655838,-46.83263767634009
1693680217.457673,0.0025224999999999996,0.01085638671875,1.00066185546875,0.5732422460937501,0.2271738671875001,1.15210064453125,6.53551320804026,-9.905538419366776,-47.836695422800055
1693680217.4776595,0.0027056054687499996,0.01012396484375,0.99907494140625,-0.6016845117187499,0.1585093164062501,-1.6478871484375,6.3848864140949475,-11.444290200128496,-46.509385928415284
1693680217.497671,0.0024614648437499996,0.01049017578125,0.99883080078125,-0.6703490624999999,-0.4213246679687499,0.96899517578125,6.470051047151587,-9.901609688409748,-46.65608904572486
1693680217.5176756,0.0028276757812499996,0.010917421875,0.99956322265625,-0.3575438867187499,0.2042856835937501,0.59515484375,6.074058055208228,-10.105051296319903,-47.120812686227794
1693680217.537683,0.0016069726562499996,0.0111615625,1.00102806640625,-0.3499144921874999,-0.4213246679687499,-0.48058978515624995,5.498170301301978,-11.74870304192537,-47.065607360910406
1693680217.5576866,0.0028276757812499996,0.01049017578125,0.99999046875,-0.4338378320312499,-0.2305898046874999,1.14447125,6.308630787141822,-10.516675765069904,-47.63997403107642
1693680217.57778,0.0025224999999999996,0.01085638671875,0.9995021875,-0.3041381249999999,0.7536020898437501,0.89270123046875,5.599376993806861,-10.897893816339435,-46.677419687692634
1693680217.5976903,0.0028276757812499996,0.010917421875,1.000234609375,-0.014221132812499926,-0.0780019140624999,0.9766245703125,6.509599775789282,-10.34861384612459,-47.370332019357676
1693680217.6176977,0.0033159570312499996,0.0103070703125,1.000722890625,-0.059997499999999926,0.1279917382812501,1.2818003515625,6.206562221101782,-10.18669945501131,-47.64372598627662
1693680217.6377933,0.0024614648437499996,0.0111615625,1.00096703125,-0.4262084374999999,0.1813975000000001,0.90796001953125,4.9276747911701415,-10.90284901409334,-47.382490780832285
1693680217.6577015,0.0029497460937499996,0.0105512109375,1.00005150390625,0.062072812500000074,0.1051035546875001,-0.07623187499999995,6.834472861970924,-10.024442701105059,-49.537913027658455
1693680217.6777031,0.0023393945312499996,0.01207708984375,1.00041771484375,0.11547857421875007,0.3721323632812501,1.30468853515625,5.492363021760962,-11.240618519952715,-47.09923717035865
1693680217.6977446,0.0035600976562499996,0.00951361328125,0.99919701171875,-0.23547357421874993,0.1585093164062501,-0.19830218749999995,6.4389698219318605,-10.035724356378497,-48.03828985321998
1693680217.7177165,0.0028276757812499996,0.01164984375,1.0014553125,-0.09051507812499993,-0.7112416601562499,1.419129453125,6.379910526521705,-10.204877581964434,-48.16905703534888
1693680217.7378514,0.0026445703124999996,0.01067328125,1.00090599609375,-0.20495599609374993,0.1813975000000001,1.22839458984375,5.174893479768775,-11.466943981866779,-47.27557228949927
1693680217.7577627,0.0028276757812499996,0.010917421875,1.00005150390625,-0.5482787499999999,0.5399790429687501,1.6174937109375,6.315673511384986,-10.542232405694902,-48.143447993478766
1693680217.7777793,0.0025224999999999996,0.01067328125,1.000234609375,-0.5711669335937499,-0.2305898046874999,2.17443951171875,5.202364923982642,-11.39799308928865,-48.72346273407935
1693680217.797736,0.0028276757812499996,0.011405703125,1.00029564453125,-0.3041381249999999,0.1585093164062501,0.12213238281250005,6.432688537385962,-10.410169418878498,-48.4922850513401
1693680217.8177931,0.0021562890624999996,0.01061224609375,1.000234609375,-0.18206781249999993,-0.5433949804687499,-1.571593203125,6.214842664339087,-10.892291959894123,-47.876741077219
1693680217.8377352,0.0026445703124999996,0.010917421875,1.0010891015625,-0.6245726953124999,0.1585093164062501,0.34338482421875005,6.08363379068186,-11.552611880304278,-46.81688115558814
1693680217.8577344,0.0029497460937499996,0.010917421875,1.00066185546875,-0.5559081445312499,0.8527842187500001,-0.55688373046875,6.16069707534983,-10.540019231866777,-48.31688949067115
1693680217.877813,0.0025224999999999996,0.01110052734375,0.9998683984375,-0.3499144921874999,0.6391611718750001,0.22131451171875005,5.082868946931861,-10.814038737726152,-47.568554489816655
1693680217.8977525,0.0025835351562499996,0.0110394921875,0.99968529296875,-0.15917962890624993,0.3950205468750001,-0.26696673828124995,6.328175014925025,-10.632235012140214,-47.79534916999244
1693680217.917745,0.0022783593749999996,0.01073431640625,1.00194359375,-0.4033202539062499,0.3034678125000001,-0.15252582031249995,6.183407425813697,-11.226822461847245,-47.0940099789524
1693680217.9378061,0.0029497460937499996,0.01067328125,1.0008449609375,-0.4796141992187499,0.4713144921875001,6.207031250005102e-05,6.617174514070533,-10.376337504327717,-46.691534488473884
1693680217.957754,0.0022783593749999996,0.01067328125,0.99919701171875,-0.3270263085937499,0.6086435937500001,-0.67895404296875,6.2796653386554935,-10.697096927667559,-47.24241305280494
1693680217.9777713,0.0028887109374999996,0.0111615625,0.99999046875,-0.037109316406249926,0.3492441796875001,0.7935191015625,5.359627522859594,-11.09596679094881,-46.865798145578374
1693680217.9977708,0.0026445703124999996,0.010917421875,1.00194359375,0.18414312500000007,0.5170908593750001,0.47308453125000005,6.819013282259009,-10.655128207940997,-47.17087587775611
1693680218.0177758,0.0027666406249999996,0.01067328125,0.99834251953125,-0.20495599609374993,0.5628672265625001,-0.12200824218749995,5.328971810335181,-11.525196915460526,-46.96206893049049
1693680218.0377815,0.0027056054687499996,0.01195501953125,0.9996242578125,-0.15917962890624993,-0.2763661718749999,-0.43481341796874995,6.550425829011939,-10.590445894952715,-47.45121704572486
1693680218.0577817,0.0020342187499999996,0.01049017578125,0.998281484375,0.23754888671875007,0.3492441796875001,0.75537212890625,6.637335787752173,-10.20320942766756,-47.994920499094
1693680218.0777855,0.0030718164062499996,0.01049017578125,0.99956322265625,-0.08288568359374993,0.2729502343750001,1.45727642578125,5.865184290803931,-10.945434441827715,-46.76486292206763
1693680218.0978186,0.0024004296874999996,0.011405703125,1.00139427734375,0.008667050781250074,0.1813975000000001,0.12976177734375005,6.678755346834205,-10.479489489190996,-47.867855443674074
1693680218.1177824,0.0028276757812499996,0.01049017578125,0.9988918359375,-0.2583617578124999,0.0593271875000001,0.52649029296875,5.902615221956275,-11.089361548761309,-47.61847492951392
1693680218.137789,0.0025835351562499996,0.0107953515625,0.99901390625,-0.059997499999999926,0.0135508203125001,0.625672421875,6.841045386384986,-10.311276035089435,-47.63295385932349
1693680218.1577966,0.0027056054687499996,0.01049017578125,0.999746328125,-0.3804320703124999,0.6620493554687501,0.67907818359375,6.462140504793189,-10.31219211565584,-47.13146373578834
1693680218.1777902,0.0027666406249999996,0.0110394921875,0.9988918359375,-0.11340326171874993,0.3950205468750001,0.08398541015625005,6.762984543123267,-11.040620455987872,-47.42983313166236
1693680218.1978073,0.0030107812499999996,0.0110394921875,0.99968529296875,-0.8000487695312499,0.1127329492187501,-0.27459613281249995,6.65915593875315,-10.212119504327713,-46.99652680854224
1693680218.2178025,0.0026445703124999996,0.01097845703125,1.001699453125,-0.3575438867187499,0.1051035546875001,1.419129453125,4.89595506009104,-11.279335764093341,-47.81367321357154
1693680218.2378755,0.0027056054687499996,0.01049017578125,0.99919701171875,-0.2583617578124999,0.2042856835937501,1.0071421484375,6.504176069734595,-10.484510142511308,-47.37593282685279
1693680218.2578187,0.0028276757812499996,0.0107953515625,0.9993801171875,-0.4796141992187499,1.09692484375,3.2959605078125,6.431027892854712,-10.877153898858966,-46.70571660529517
1693680218.2778053,0.0022173242187499996,0.010429140625,1.00090599609375,0.3062134375000001,1.4783945703125,0.93847759765625,6.519247797151587,-11.201187242120684,-46.8399706808567
